farmer_id,timestamp,geo_lat,geo_lon,quantity_harvested,plant_type,region_id
F9,2025-09-26 14:55:00,23.05858,77.76132,336,Ashwagandha,R5
F10,2025-09-20 18:12:00,23.25903,77.62253,102,Tulsi,R4
F4,2025-09-18 23:04:00,23.91479,77.93046,643,Neem,R1
F10,2025-09-18 06:51:00,23.18342,77.53649,336,AloeVera,R1
F17,2025-09-28 00:07:00,23.04492,77.39226,271,AloeVera,R4
F8,2025-09-21 07:58:00,23.50349,77.35317,464,Neem,R5
F5,2025-09-20 22:06:00,23.71344,77.68938,142,Tulsi,R5
F14,2025-09-02 15:26:00,23.10346,77.35996,373,Ashwagandha,R5
F10,2025-09-12 20:31:00,23.80284,77.02821,166,Brahmi,R4
F1,2025-09-06 13:16:00,23.22676,77.08029,359,AloeVera,R1
F17,2025-09-28 19:59:00,23.02242,77.48755,137,Tulsi,R5
F10,2025-09-09 15:52:00,23.98202,77.5736,187,Brahmi,R4
F8,2025-09-07 01:31:00,23.78128,77.26266,88,Brahmi,R1
F4,2025-09-12 03:50:00,23.3298,77.08542,158,Tulsi,R1
F14,2025-09-11 13:45:00,23.9464,77.98894,377,Neem,R1
F18,2025-09-30 15:38:00,23.35193,77.82686,133,Tulsi,R3
F5,2025-09-01 14:19:00,23.93003,77.03554,70,Tulsi,R3
F13,2025-09-19 20:06:00,23.76309,77.80657,115,Tulsi,R1
F15,2025-09-12 06:39:00,23.42871,77.09107,126,Brahmi,R5
F16,2025-09-08 11:05:00,23.84804,77.00688,236,Brahmi,R1
F13,2025-09-02 11:57:00,23.28951,77.07179,341,Ashwagandha,R5
F9,2025-09-18 21:11:00,23.30415,77.93583,224,Brahmi,R5
F20,2025-09-22 07:31:00,23.58446,77.74447,79,Tulsi,R5
F18,2025-09-21 01:22:00,23.90429,77.785,253,Ashwagandha,R2
F4,2025-09-29 23:41:00,23.90581,77.2944,51,Tulsi,R1
F12,2025-09-20 22:38:00,23.1452,77.92952,209,Brahmi,R1
F2,2025-09-30 08:50:00,23.02034,77.21851,494,AloeVera,R5
F19,2025-09-25 11:29:00,23.53908,77.43604,396,Ashwagandha,R5
F18,2025-09-28 05:15:00,23.43773,77.73366,50,Tulsi,R5
F16,2025-09-30 02:38:00,23.7362,77.98588,268,AloeVera,R1
F2,2025-09-09 00:40:00,23.20369,77.53206,60,Tulsi,R5
F11,2025-09-26 08:38:00,23.85251,77.22312,430,AloeVera,R4
F10,2025-09-17 12:32:00,23.19793,77.26421,344,Ashwagandha,R2
F16,2025-09-27 15:57:00,23.0846,77.64381,192,Brahmi,R1
F5,2025-09-07 11:07:00,23.78013,77.6399,459,AloeVera,R3
F15,2025-09-28 22:48:00,23.31422,77.8063,322,Ashwagandha,R1
F20,2025-09-08 00:42:00,23.50739,77.50941,130,Ashwagandha,R1
F14,2025-09-21 01:49:00,23.12274,77.84565,474,AloeVera,R4
F1,2025-09-11 16:16:00,23.02594,77.84756,358,AloeVera,R3
F8,2025-09-03 01:57:00,23.55725,77.82198,120,Tulsi,R3
F8,2025-09-10 05:47:00,23.47912,77.14739,107,Tulsi,R3
F8,2025-09-27 21:08:00,23.25562,77.47781,300,AloeVera,R4
F15,2025-09-23 02:29:00,23.76212,77.0716,376,Ashwagandha,R5
F1,2025-09-16 08:54:00,23.39358,77.07954,325,AloeVera,R1
F9,2025-09-05 05:18:00,23.39598,77.36426,170,Tulsi,R3
F17,2025-09-11 09:39:00,23.04245,77.33697,210,Neem,R5
F16,2025-09-18 09:53:00,23.22304,77.9043,170,Brahmi,R1
F12,2025-09-01 12:06:00,23.50154,77.29803,152,AloeVera,R5
F19,2025-09-16 19:35:00,23.45464,77.96617,344,Neem,R4
F18,2025-09-27 04:48:00,23.80691,77.06159,362,Ashwagandha,R2
F19,2025-09-08 01:36:00,23.12542,77.24468,244,Ashwagandha,R3
F19,2025-09-07 22:32:00,23.46024,77.25994,433,Neem,R3
F10,2025-09-12 06:52:00,23.03319,77.89527,108,Ashwagandha,R3
F5,2025-09-12 06:55:00,23.92168,77.91938,189,AloeVera,R2
F19,2025-09-28 15:46:00,23.99079,77.83294,158,Brahmi,R1
F12,2025-09-28 03:18:00,23.59677,77.39886,411,Neem,R3
F1,2025-09-21 22:11:00,23.73562,77.83893,236,Brahmi,R2
F6,2025-09-19 04:47:00,23.84634,77.44351,96,Brahmi,R2
F12,2025-09-18 09:27:00,23.16663,77.46388,354,Ashwagandha,R5
F1,2025-09-24 22:21:00,23.75691,77.59847,216,Brahmi,R2
F6,2025-09-24 08:15:00,23.45091,77.75829,158,AloeVera,R2
F11,2025-09-01 20:37:00,23.80434,77.65729,495,AloeVera,R2
F2,2025-09-08 20:29:00,23.46485,77.68857,320,Neem,R5
F7,2025-09-18 09:03:00,23.72413,77.62456,165,Ashwagandha,R3
F3,2025-09-24 16:37:00,23.59399,77.0202,273,Ashwagandha,R4
F13,2025-09-29 15:06:00,23.48147,77.37628,110,Tulsi,R4
F6,2025-09-09 23:48:00,23.76816,77.10658,179,Brahmi,R1
F18,2025-09-07 06:27:00,23.72898,77.07342,90,Brahmi,R2
F20,2025-09-05 20:35:00,23.65882,77.54553,103,Tulsi,R2
F13,2025-09-05 23:51:00,23.88885,77.07051,383,AloeVera,R2
F7,2025-09-30 18:55:00,23.69349,77.65038,266,Ashwagandha,R5
F7,2025-09-29 20:58:00,23.7851,77.06996,281,Neem,R3
F4,2025-09-20 19:41:00,23.3117,77.60968,235,Neem,R3
F5,2025-09-17 13:44:00,23.45469,77.3003,253,Neem,R3
F8,2025-09-12 22:24:00,23.07017,77.18309,376,AloeVera,R4
F10,2025-09-14 00:35:00,23.12926,77.10157,144,Ashwagandha,R1
F16,2025-09-24 14:02:00,23.68072,77.28193,208,Brahmi,R4
F18,2025-09-20 05:21:00,23.38624,77.44039,469,AloeVera,R4
F14,2025-09-07 02:57:00,23.23156,77.50857,335,Ashwagandha,R3
F7,2025-09-28 14:27:00,23.38002,77.96772,152,AloeVera,R5
F13,2025-09-25 08:38:00,23.35716,77.68781,228,Ashwagandha,R2
F16,2025-09-28 13:40:00,23.25021,77.46374,331,AloeVera,R3
F9,2025-09-14 10:19:00,23.82303,77.65912,175,AloeVera,R2
F3,2025-09-08 18:37:00,23.39704,77.83586,125,Tulsi,R1
F9,2025-09-26 23:14:00,23.26012,77.45323,209,Brahmi,R2
F2,2025-09-14 03:40:00,23.91199,77.5828,655,Neem,R3
F19,2025-09-23 16:46:00,23.73796,77.24998,239,Brahmi,R4
F20,2025-09-22 16:57:00,23.3862,77.39213,137,Tulsi,R3
F5,2025-09-05 00:49:00,23.81514,77.38442,388,Ashwagandha,R3
F16,2025-09-03 17:20:00,23.4551,77.14116,577,Neem,R3
F6,2025-09-06 10:17:00,23.71672,77.40488,70,Tulsi,R3
F1,2025-09-25 06:24:00,23.72531,77.40407,360,Neem,R3
F2,2025-09-08 05:59:00,23.77204,77.08591,233,AloeVera,R4
F15,2025-09-30 15:20:00,23.91692,77.19234,154,Brahmi,R3
F19,2025-09-03 02:17:00,23.66829,77.36624,248,Ashwagandha,R4
F18,2025-09-08 21:13:00,23.8302,77.63619,188,Tulsi,R2
F9,2025-09-29 20:11:00,23.28402,77.94618,102,Ashwagandha,R1
F2,2025-09-18 05:01:00,23.33758,77.1587,231,AloeVera,R2
F5,2025-09-12 21:11:00,23.46948,77.73633,376,Neem,R5
F17,2025-09-15 05:18:00,23.14796,77.77466,248,Brahmi,R4
F20,2025-09-15 12:18:00,23.50401,77.46579,88,Tulsi,R1
F8,2025-09-22 02:49:00,23.70493,77.51332,315,Ashwagandha,R5
F20,2025-09-11 12:16:00,23.17625,77.38898,185,Tulsi,R2
F11,2025-09-01 10:36:00,23.93635,77.22685,499,AloeVera,R4
F8,2025-09-09 01:34:00,23.95743,77.02052,278,Neem,R5
F2,2025-09-15 04:23:00,23.01813,77.81599,332,Ashwagandha,R4
F10,2025-09-07 15:29:00,23.67333,77.26337,179,Tulsi,R1
F12,2025-09-02 00:37:00,23.4333,77.72968,351,Neem,R3
F12,2025-09-08 07:53:00,23.14102,77.59703,93,Brahmi,R2
F18,2025-09-09 22:08:00,23.11493,77.46634,279,Neem,R5
F3,2025-09-15 14:06:00,23.37183,77.87967,92,Brahmi,R5
F18,2025-09-29 15:48:00,23.41134,77.3823,167,Tulsi,R2
F4,2025-09-09 17:36:00,23.45465,77.2356,218,Brahmi,R2
F17,2025-09-16 21:49:00,23.28331,77.57456,197,Brahmi,R1
F7,2025-09-19 01:13:00,23.20907,77.07868,122,Ashwagandha,R1
F8,2025-09-05 01:53:00,23.65889,77.98178,91,Brahmi,R5
F3,2025-09-28 15:21:00,23.66865,77.2261,337,Neem,R5
F20,2025-09-07 03:05:00,23.05695,77.89938,102,Tulsi,R4
F19,2025-09-03 18:39:00,23.60287,77.06323,197,Tulsi,R3
F2,2025-09-17 08:17:00,23.97898,77.6107,389,Neem,R1
F15,2025-09-15 04:22:00,23.47784,77.48891,179,Ashwagandha,R2
F15,2025-09-23 21:10:00,23.37679,77.18988,233,Brahmi,R4
F6,2025-09-30 07:49:00,23.77637,77.38099,259,Ashwagandha,R2
F8,2025-09-23 03:49:00,23.062,77.28618,205,Ashwagandha,R5
F11,2025-09-10 01:00:00,23.83892,77.53872,488,AloeVera,R4
F7,2025-09-12 19:02:00,23.29754,77.83717,233,Brahmi,R4
F14,2025-09-01 06:20:00,23.34251,77.62363,112,Brahmi,R1
F12,2025-09-11 16:33:00,23.12297,77.57329,123,Brahmi,R2
F4,2025-09-08 15:41:00,23.375,77.32292,154,AloeVera,R2
F3,2025-09-13 19:25:00,23.44001,77.50972,275,Neem,R3
F18,2025-09-10 23:15:00,23.90443,77.16971,456,AloeVera,R1
F18,2025-09-01 23:24:00,23.86321,77.64189,145,Ashwagandha,R1
F10,2025-09-28 01:19:00,23.45921,77.77089,112,Tulsi,R2
F9,2025-09-23 10:21:00,23.84231,77.17615,363,AloeVera,R5
F3,2025-09-17 17:43:00,23.11248,77.58815,239,AloeVera,R1
F7,2025-09-18 23:01:00,23.21947,77.75054,125,Brahmi,R2
F1,2025-09-16 01:22:00,23.86037,77.39694,183,Ashwagandha,R1
F18,2025-09-18 03:43:00,23.61759,77.68945,71,Tulsi,R4
F16,2025-09-01 16:30:00,23.98616,77.19191,192,Tulsi,R5
F15,2025-09-06 00:46:00,23.22538,77.11806,325,Ashwagandha,R1
F13,2025-09-28 07:08:00,23.36705,77.26998,51,Tulsi,R5
F3,2025-09-12 03:23:00,23.67219,77.12053,374,Neem,R2
F2,2025-09-27 00:47:00,23.06772,77.65419,219,AloeVera,R5
F1,2025-09-08 20:21:00,23.97749,77.21241,339,Neem,R1
F16,2025-09-10 18:19:00,23.15951,77.83976,105,Brahmi,R4
F1,2025-09-24 17:19:00,23.64019,77.59692,262,AloeVera,R1
F14,2025-09-01 07:17:00,23.38127,77.34133,106,Brahmi,R3
F18,2025-09-20 04:55:00,23.7194,77.53774,100,Brahmi,R1
F14,2025-09-03 00:27:00,23.60246,77.37028,614,Neem,R5
F17,2025-09-16 00:56:00,23.64606,77.63692,159,Tulsi,R5
F3,2025-09-30 02:48:00,23.86192,77.27558,168,Tulsi,R4
F1,2025-09-21 15:07:00,23.15595,77.22651,175,Brahmi,R3
F12,2025-09-06 13:34:00,23.14125,77.85478,181,Tulsi,R5
F4,2025-09-28 05:10:00,23.49856,77.97442,198,AloeVera,R5
F13,2025-09-18 10:49:00,23.90209,77.8222,111,Brahmi,R2
F20,2025-09-08 02:01:00,23.40178,77.69757,292,Ashwagandha,R3
F10,2025-09-29 20:43:00,23.39085,77.49575,107,Brahmi,R4
F11,2025-09-11 23:11:00,23.80894,77.77465,407,AloeVera,R1
F15,2025-09-22 02:57:00,23.76912,77.42233,460,AloeVera,R3
F6,2025-09-24 18:00:00,23.34258,77.88611,170,AloeVera,R1
F11,2025-09-21 22:58:00,23.80992,77.50822,173,Brahmi,R5
F10,2025-09-19 04:23:00,23.08114,77.18411,239,Ashwagandha,R5
F18,2025-09-06 07:10:00,23.91525,77.15425,652,Neem,R2
F14,2025-09-25 19:40:00,23.98312,77.7442,62,Tulsi,R4
F19,2025-09-23 21:01:00,23.61782,77.89246,215,Brahmi,R3
F4,2025-09-26 14:13:00,23.51704,77.97146,144,Tulsi,R2
F18,2025-09-18 01:48:00,23.61116,77.02621,266,Ashwagandha,R1
F4,2025-09-02 11:00:00,23.34541,77.17285,321,Ashwagandha,R3
F11,2025-09-30 14:56:00,23.30731,77.87646,295,AloeVera,R2
F19,2025-09-27 09:22:00,23.11775,77.62063,174,Brahmi,R4
F3,2025-09-26 11:08:00,23.13288,77.964,364,Ashwagandha,R1
F2,2025-09-23 16:32:00,23.44424,77.83252,425,AloeVera,R2
F12,2025-09-30 21:47:00,23.9003,77.98582,54,Tulsi,R3
F16,2025-09-24 18:02:00,23.21165,77.17928,384,Ashwagandha,R2
F12,2025-09-02 12:19:00,23.34774,77.6502,306,Ashwagandha,R5
F7,2025-09-19 03:43:00,23.74036,77.08239,311,Neem,R3
F7,2025-09-24 15:26:00,23.17497,77.11536,200,Tulsi,R1
F3,2025-09-28 02:24:00,23.55777,77.34994,494,Neem,R1
F7,2025-09-12 23:19:00,23.11103,77.63895,179,Tulsi,R1
F8,2025-09-07 22:56:00,23.13769,77.24241,385,Ashwagandha,R2
F2,2025-09-29 10:04:00,23.41377,77.58078,364,Neem,R2
F15,2025-09-19 07:24:00,23.65162,77.2288,61,Tulsi,R4
F9,2025-09-20 03:24:00,23.84576,77.82319,63,Tulsi,R1
F6,2025-09-03 10:13:00,23.57206,77.36249,173,Ashwagandha,R4
F15,2025-09-09 17:54:00,23.19168,77.25565,123,Ashwagandha,R2
F3,2025-09-09 02:52:00,23.38386,77.20754,483,AloeVera,R5
F13,2025-09-03 14:29:00,23.49423,77.69363,98,Tulsi,R1
F20,2025-09-15 02:34:00,23.55984,77.52111,104,Tulsi,R3
F12,2025-09-13 01:07:00,23.38835,77.88931,191,AloeVera,R5
F11,2025-09-21 12:43:00,23.78858,77.10883,191,Brahmi,R3
F7,2025-09-18 16:43:00,23.47151,77.43274,345,Ashwagandha,R5
F13,2025-09-01 13:52:00,23.94148,77.44114,156,Ashwagandha,R1
F18,2025-09-24 23:01:00,23.91344,77.05028,558,Neem,R5
F7,2025-09-19 17:17:00,23.51285,77.52666,192,AloeVera,R4
F7,2025-09-22 22:55:00,23.5326,77.66121,174,Ashwagandha,R1
F17,2025-09-16 16:06:00,23.25917,77.33058,108,Tulsi,R3
F20,2025-09-21 15:26:00,23.41862,77.29432,383,AloeVera,R2
F15,2025-09-07 07:35:00,23.50301,77.48975,107,Brahmi,R3
F3,2025-09-16 15:16:00,23.06894,77.16484,186,Tulsi,R3
F10,2025-09-17 13:58:00,23.94944,77.03545,94,Brahmi,R3
F17,2025-09-16 11:59:00,23.20872,77.1233,296,AloeVera,R4
F8,2025-10-01 02:27:00,23.40523,77.33343,528,Neem,R3
F10,2025-09-02 16:33:00,23.29969,77.2936,335,Ashwagandha,R2
F8,2025-09-11 06:40:00,23.39691,77.71187,640,Neem,R5
F17,2025-09-27 01:34:00,23.00964,77.14024,141,Tulsi,R2
F7,2025-09-03 16:14:00,23.9003,77.2769,98,Brahmi,R1
F12,2025-09-22 18:54:00,23.7217,77.22665,421,Neem,R3
F17,2025-09-22 03:52:00,23.90609,77.92389,424,AloeVera,R1
F14,2025-09-08 22:14:00,23.12769,77.2506,684,Neem,R3
F16,2025-09-16 12:58:00,23.24998,77.48747,285,AloeVera,R5
F16,2025-09-05 23:55:00,23.56184,77.79173,138,Tulsi,R5
F15,2025-09-13 18:43:00,23.13664,77.57091,336,Ashwagandha,R5
F17,2025-09-30 19:12:00,23.3291,77.07226,110,Tulsi,R5
F7,2025-09-17 14:21:00,23.78115,77.3632,55,Tulsi,R4
F4,2025-09-04 23:02:00,23.5298,77.30885,374,Neem,R2
F3,2025-09-18 14:10:00,23.32663,77.39437,437,AloeVera,R4
F18,2025-09-11 23:47:00,23.91479,77.4332,159,Brahmi,R4
F17,2025-09-21 13:30:00,23.07729,77.63754,158,Tulsi,R3
F18,2025-09-22 22:18:00,23.95202,77.36815,199,Tulsi,R5
F14,2025-09-10 11:00:00,23.7778,77.56356,184,Brahmi,R4
F19,2025-09-03 05:16:00,23.81456,77.34193,618,Neem,R2
F14,2025-09-19 23:34:00,23.89464,77.41807,290,Neem,R1
F14,2025-09-12 19:59:00,23.95309,77.53508,202,AloeVera,R1
F3,2025-09-25 18:24:00,23.77608,77.52334,403,Neem,R2
F1,2025-09-10 14:35:00,23.37757,77.82569,215,Neem,R4
F7,2025-09-22 04:24:00,23.27383,77.93967,384,Neem,R5
F13,2025-09-24 01:01:00,23.36636,77.13261,144,Brahmi,R2
F17,2025-09-16 15:19:00,23.54209,77.19794,481,AloeVera,R2
F18,2025-09-07 01:21:00,23.55306,77.52727,314,Ashwagandha,R1
F2,2025-09-27 03:06:00,23.57605,77.61467,168,Ashwagandha,R4
F15,2025-09-07 10:20:00,23.12148,77.84717,259,AloeVera,R5
F1,2025-09-10 00:38:00,23.6233,77.97895,107,Brahmi,R5
F1,2025-09-26 05:44:00,23.81104,77.23006,572,Neem,R3
F19,2025-09-22 22:23:00,23.83044,77.16605,67,Tulsi,R1
F2,2025-09-09 01:09:00,23.37963,77.95931,564,Neem,R4
F7,2025-09-10 17:47:00,23.51406,77.36512,544,Neem,R5
F6,2025-09-03 19:02:00,23.72234,77.70876,494,Neem,R4
F17,2025-09-10 21:42:00,23.58575,77.48807,149,Tulsi,R3
F12,2025-09-06 19:20:00,23.79975,77.79531,202,Ashwagandha,R3
F17,2025-09-22 11:30:00,23.55779,77.93003,319,AloeVera,R1
F20,2025-09-04 14:30:00,23.96436,77.79819,393,Ashwagandha,R5
F9,2025-09-04 08:52:00,23.24614,77.93868,151,Brahmi,R5
F1,2025-09-28 21:20:00,23.59782,77.42542,346,Ashwagandha,R4
F6,2025-09-01 19:45:00,23.68806,77.34401,225,AloeVera,R3
F1,2025-09-04 02:29:00,23.51005,77.19175,333,AloeVera,R3
F20,2025-09-09 14:11:00,23.75348,77.07097,86,Tulsi,R2
F8,2025-09-14 22:20:00,23.80684,77.51189,306,Ashwagandha,R1
F17,2025-09-10 05:56:00,23.18765,77.44187,170,Ashwagandha,R4
F5,2025-09-30 05:03:00,23.63949,77.48864,191,Tulsi,R5
F7,2025-09-07 15:11:00,23.27278,77.82051,170,Tulsi,R4
F8,2025-09-11 22:35:00,23.47086,77.71807,198,Tulsi,R1
F9,2025-09-04 14:43:00,23.65978,77.9776,88,Tulsi,R3
F12,2025-09-10 09:27:00,23.52669,77.507,147,Tulsi,R5
F2,2025-09-15 15:56:00,23.93792,77.67567,127,Tulsi,R1
F10,2025-09-12 04:36:00,23.13515,77.69472,184,Tulsi,R3
F20,2025-09-11 13:51:00,23.94366,77.26846,273,AloeVera,R4
F6,2025-09-11 07:59:00,23.79792,77.94552,397,Ashwagandha,R3
F19,2025-09-15 10:05:00,23.68115,77.18081,146,Brahmi,R1
F15,2025-09-14 13:15:00,23.48031,77.43179,260,Ashwagandha,R4
F1,2025-09-07 09:07:00,23.23243,77.04801,188,Ashwagandha,R5
F12,2025-09-04 16:56:00,23.18182,77.73967,306,AloeVera,R2
F2,2025-09-15 14:29:00,23.21069,77.605,87,Tulsi,R2
F11,2025-09-20 17:30:00,23.96091,77.4409,394,Neem,R2
F1,2025-09-23 18:36:00,23.75399,77.53676,273,Ashwagandha,R5
F13,2025-09-12 05:32:00,23.64101,77.39769,305,Neem,R3
F17,2025-09-10 19:56:00,23.85232,77.00248,258,Ashwagandha,R1
F5,2025-09-30 06:18:00,23.69681,77.84538,98,Brahmi,R2
F13,2025-09-01 17:15:00,23.6099,77.35752,383,Neem,R4
F1,2025-09-28 17:02:00,23.74146,77.24637,195,Tulsi,R5
F20,2025-09-09 00:55:00,23.40824,77.47097,243,Brahmi,R4
F2,2025-09-26 19:04:00,23.45432,77.99527,228,Neem,R4
F13,2025-09-13 03:40:00,23.7195,77.87444,205,Brahmi,R4
F2,2025-09-22 17:27:00,23.58213,77.45386,457,AloeVera,R3
F20,2025-09-30 05:54:00,23.1287,77.36133,152,Tulsi,R2
F17,2025-09-25 22:24:00,23.49756,77.09793,151,Tulsi,R1
F45,2025-09-03 01:48:00,23.78998,77.70129,123,Tulsi,R1
F19,2025-09-11 07:45:00,23.75377,77.23863,349,Neem,R3
F3,2025-09-16 19:28:00,23.10719,77.11679,243,Brahmi,R2
F16,2025-09-30 06:58:00,23.48589,77.06076,131,Tulsi,R4
F5,2025-09-15 15:19:00,23.51628,77.46667,177,Tulsi,R3
F12,2025-09-15 06:38:00,23.95261,77.78551,690,Neem,R3
F20,2025-09-21 08:58:00,23.84171,77.87886,107,Tulsi,R4
F3,2025-09-12 23:54:00,23.07011,77.68038,302,AloeVera,R5
F4,2025-09-11 14:21:00,23.9075,77.4268,101,Tulsi,R3
F11,2025-09-04 18:59:00,23.94821,77.97274,249,AloeVera,R3
F5,2025-09-18 19:56:00,23.47095,77.77196,154,Tulsi,R4
F14,2025-09-05 12:56:00,23.11497,77.84625,495,Neem,R3
F1,2025-09-18 08:28:00,23.83458,77.60966,531,Neem,R2
F3,2025-09-27 23:07:00,23.50747,77.27376,140,Brahmi,R5
F14,2025-09-16 13:42:00,23.95172,77.54987,220,Ashwagandha,R3
F15,2025-09-19 21:42:00,23.3059,77.42595,57,Tulsi,R5
F9,2025-09-09 02:32:00,23.61815,77.78355,162,AloeVera,R1
F6,2025-09-23 12:03:00,23.40534,77.0663,305,Ashwagandha,R2
F16,2025-09-02 04:38:00,23.81013,77.79513,217,Ashwagandha,R3
F13,2025-09-05 03:10:00,23.5778,77.21938,267,AloeVera,R1
F10,2025-09-25 02:53:00,23.21293,77.64409,397,Ashwagandha,R5
F5,2025-09-01 12:13:00,23.01033,77.74415,316,Neem,R1
F2,2025-09-16 10:42:00,23.30572,77.61765,585,Neem,R2
F12,2025-09-23 05:33:00,23.89568,77.32354,442,Neem,R4
F1,2025-09-18 03:57:00,23.57482,77.94612,429,Neem,R1
F10,2025-09-04 16:24:00,23.57731,77.97628,282,Ashwagandha,R3
F5,2025-09-02 17:28:00,23.44157,77.26503,635,Neem,R4
F1,2025-09-06 10:15:00,23.2257,77.31583,417,Neem,R1
F9,2025-09-08 01:49:00,23.93858,77.62669,152,Ashwagandha,R2
F14,2025-09-07 12:44:00,23.31352,77.9588,352,AloeVera,R3
F2,2025-09-24 01:42:00,23.58963,77.11234,87,Tulsi,R1
F6,2025-09-24 03:04:00,23.5608,77.69689,662,Neem,R3
F3,2025-09-08 04:35:00,23.77683,77.6272,58,Tulsi,R2
F17,2025-09-05 10:55:00,23.26887,77.8652,214,Brahmi,R5
F9,2025-09-17 16:57:00,23.48113,77.56098,66,Tulsi,R1
F15,2025-09-30 16:51:00,23.26788,77.91468,240,AloeVera,R4
F11,2025-09-04 21:25:00,23.68,77.97371,199,Ashwagandha,R3
F19,2025-09-19 10:36:00,23.55226,77.88335,422,Neem,R3
F7,2025-09-28 19:47:00,23.45834,77.57643,317,Ashwagandha,R5
F16,2025-09-27 19:57:00,23.18546,77.16724,330,AloeVera,R2
F2,2025-09-23 17:19:00,23.14545,77.07924,165,AloeVera,R3
F10,2025-09-30 12:26:00,23.15564,77.51325,477,Neem,R1
F7,2025-09-01 11:53:00,23.93281,77.27451,178,Tulsi,R5
F5,2025-09-01 23:20:00,23.73742,77.76387,297,AloeVera,R3
F9,2025-09-05 18:30:00,23.8458,77.05018,109,Tulsi,R2
F7,2025-09-19 00:35:00,23.20088,77.39752,357,Neem,R4
F18,2025-09-06 20:29:00,23.44276,77.0077,337,Neem,R4
F18,2025-09-30 06:07:00,23.19995,77.64978,170,Brahmi,R4
F18,2025-09-10 07:48:00,23.94714,77.90769,95,Tulsi,R2
F9,2025-09-03 01:26:00,23.16074,77.11125,253,AloeVera,R4
F17,2025-09-07 00:07:00,23.71197,77.53128,129,Brahmi,R5
F7,2025-09-29 05:49:00,23.89064,77.03071,104,Brahmi,R2
F1,2025-09-06 07:51:00,23.72711,77.69866,93,Brahmi,R2
F3,2025-09-30 10:47:00,23.53445,77.42967,494,Neem,R5
F20,2025-09-02 10:35:00,23.80819,77.71903,149,Brahmi,R1
F5,2025-09-13 13:03:00,23.53393,77.5127,330,AloeVera,R1
F15,2025-09-12 00:02:00,23.1876,77.7755,82,Tulsi,R3
F17,2025-09-12 18:54:00,23.08875,77.06522,220,Brahmi,R3
F19,2025-09-21 17:42:00,23.16951,77.57543,83,Brahmi,R2
F1,2025-09-10 20:42:00,23.28355,77.97667,225,Neem,R5
F2,2025-09-03 21:03:00,23.29297,77.00594,213,Ashwagandha,R4
F16,2025-09-08 22:24:00,23.80724,77.78755,196,Ashwagandha,R2
F18,2025-10-01 01:27:00,23.47597,77.45062,449,AloeVera,R4
F14,2025-09-30 06:49:00,23.09615,77.46297,186,Ashwagandha,R5
F15,2025-09-03 07:16:00,23.71739,77.01756,280,Ashwagandha,R3
F3,2025-09-14 12:44:00,23.35753,77.72293,171,Brahmi,R4
F12,2025-09-12 03:23:00,23.10404,77.21634,206,Neem,R2
F1,2025-09-08 05:41:00,23.54982,77.43409,403,AloeVera,R4
F10,2025-09-03 04:06:00,23.09198,77.9826,495,AloeVera,R4
F12,2025-09-29 00:41:00,23.1789,77.53698,241,AloeVera,R5
F12,2025-09-04 01:53:00,23.26294,77.18581,321,Ashwagandha,R2
F9,2025-09-24 16:34:00,23.11515,77.28456,285,AloeVera,R3
F7,2025-09-24 12:44:00,23.83347,77.68946,264,AloeVera,R5
F3,2025-09-18 09:50:00,23.66231,77.42864,225,Brahmi,R1
F12,2025-09-08 04:00:00,23.50322,77.96104,423,Neem,R2
F5,2025-09-07 15:41:00,23.69827,77.55511,171,Tulsi,R3
F7,2025-09-05 23:42:00,23.80862,77.95277,398,AloeVera,R2
F20,2025-09-07 01:49:00,23.63031,77.65515,163,Ashwagandha,R3
F5,2025-09-14 20:46:00,23.72279,77.65407,492,AloeVera,R5
F16,2025-09-16 14:36:00,23.42446,77.70876,196,Ashwagandha,R4
F15,2025-09-22 07:30:00,23.51149,77.97874,163,Tulsi,R3
F18,2025-09-09 16:01:00,23.13836,77.25519,206,Brahmi,R2
F2,2025-09-20 14:07:00,23.37053,77.32485,168,Tulsi,R3
F2,2025-09-08 11:11:00,23.29262,77.83616,181,Brahmi,R1
F8,2025-09-09 21:17:00,23.61029,77.96579,206,Brahmi,R3
F1,2025-09-06 03:13:00,23.30681,77.89854,85,Brahmi,R1
F16,2025-09-30 17:17:00,23.23592,77.37263,118,Ashwagandha,R4
F15,2025-09-24 06:52:00,23.46968,77.82212,412,AloeVera,R3
F6,2025-09-03 01:00:00,23.55789,77.67649,84,Tulsi,R3
F11,2025-09-28 03:02:00,23.43826,77.16362,225,Brahmi,R5
F12,2025-09-12 09:36:00,23.46002,77.7001,473,AloeVera,R2
F7,2025-09-16 19:57:00,23.35044,77.5194,169,Brahmi,R2
F20,2025-09-03 11:23:00,23.11176,77.41098,122,Ashwagandha,R3
F14,2025-09-26 00:37:00,23.47714,77.4536,252,Ashwagandha,R5
F7,2025-09-09 22:02:00,23.52175,77.92392,692,Neem,R2
F5,2025-09-22 11:50:00,23.44284,77.50593,118,Tulsi,R3
F1,2025-09-05 14:37:00,23.16988,77.97465,166,Brahmi,R1
F4,2025-10-01 01:12:00,23.82538,77.62535,151,AloeVera,R4
F16,2025-09-04 10:09:00,23.17379,77.08818,128,Tulsi,R5
F8,2025-09-11 11:43:00,23.03816,77.9121,242,Ashwagandha,R4
F2,2025-09-13 02:08:00,23.92845,77.03748,181,Tulsi,R4
F3,2025-09-10 09:55:00,23.21703,77.4443,577,Neem,R2
F9,2025-09-17 01:36:00,23.73559,77.02853,184,Brahmi,R2
F8,2025-09-18 16:44:00,23.23252,77.35967,240,Neem,R4
F2,2025-09-30 17:37:00,23.91789,77.3281,163,Brahmi,R3
F7,2025-09-03 18:45:00,23.75049,77.70486,265,AloeVera,R4
F7,2025-09-13 17:46:00,23.62814,77.89119,182,Brahmi,R2
F14,2025-09-01 15:30:00,23.82214,77.87637,252,Neem,R3
F15,2025-09-21 02:34:00,23.24917,77.33432,692,Neem,R2
F7,2025-09-08 00:47:00,23.19432,77.1996,217,Neem,R5
F16,2025-09-01 17:03:00,23.57828,77.981,225,Neem,R3
F9,2025-09-10 15:39:00,23.81313,77.56118,183,AloeVera,R4
F19,2025-09-28 23:40:00,23.88049,77.1752,294,AloeVera,R4
F7,2025-09-10 10:51:00,23.41463,77.03628,54,Tulsi,R5
F4,2025-09-12 16:05:00,23.22376,77.29349,117,Brahmi,R3
F6,2025-09-14 01:03:00,23.20145,77.01996,244,Ashwagandha,R4
F20,2025-09-11 03:16:00,23.55697,77.51296,537,Neem,R2
F19,2025-09-26 18:26:00,23.88188,77.27449,153,Brahmi,R5
F13,2025-09-25 00:47:00,23.51501,77.52756,349,Neem,R2
F11,2025-09-07 16:31:00,23.14227,77.58213,318,Ashwagandha,R1
F14,2025-09-29 07:21:00,23.54561,77.92475,261,Ashwagandha,R4
F4,2025-09-02 19:20:00,23.00869,77.49002,91,Brahmi,R3
F14,2025-09-24 22:02:00,23.57126,77.41379,67,Tulsi,R5
F15,2025-09-26 22:04:00,23.0173,77.59086,167,AloeVera,R4
F14,2025-09-02 15:19:00,23.56611,77.05511,420,Neem,R1
F14,2025-09-25 11:38:00,23.28284,77.55972,399,Ashwagandha,R3
F8,2025-09-09 12:13:00,23.72581,77.36261,393,AloeVera,R5
F9,2025-10-01 03:51:00,23.00929,77.49627,267,Ashwagandha,R3
F14,2025-09-21 19:40:00,23.9965,77.10661,269,Neem,R3
F14,2025-09-15 02:41:00,23.41095,77.3948,400,AloeVera,R4
F2,2025-09-28 20:02:00,23.29563,77.94385,114,Ashwagandha,R2
F20,2025-09-11 06:36:00,23.56212,77.27038,137,Tulsi,R4
F4,2025-09-05 19:39:00,23.54022,77.62447,121,Tulsi,R1
F13,2025-09-07 02:10:00,23.79395,77.50618,396,Ashwagandha,R4
F4,2025-09-23 11:53:00,23.44413,77.20129,319,AloeVera,R5
F2,2025-09-08 06:21:00,23.93037,77.43708,96,Tulsi,R5
F19,2025-09-04 08:48:00,23.51974,77.67118,484,AloeVera,R5
F5,2025-09-20 18:40:00,23.93384,77.88863,102,Ashwagandha,R3
F4,2025-09-15 16:00:00,23.12807,77.66624,197,Tulsi,R2
F9,2025-09-14 06:18:00,23.62693,77.87294,245,Brahmi,R4
F7,2025-09-19 05:23:00,23.1392,77.14901,100,Tulsi,R3
F19,2025-09-09 18:29:00,23.85248,77.96417,126,Ashwagandha,R1
F14,2025-09-09 04:21:00,23.09092,77.60665,215,AloeVera,R4
F10,2025-09-29 20:36:00,23.94088,77.50206,207,Brahmi,R1
F1,2025-09-02 09:12:00,23.25856,77.82536,193,Tulsi,R5
F14,2025-09-07 14:03:00,23.78394,77.44052,160,Tulsi,R5
F16,2025-09-15 19:52:00,23.93453,77.5657,135,Brahmi,R1
F1,2025-09-09 06:42:00,23.982,77.25267,410,Neem,R4
F3,2025-09-19 20:39:00,23.92674,77.68224,123,Brahmi,R5
F11,2025-09-04 11:14:00,23.91913,77.65927,296,AloeVera,R3
F14,2025-09-09 09:12:00,23.52995,77.53934,587,Neem,R5
F15,2025-09-19 03:51:00,23.29995,77.7728,105,Tulsi,R1
F10,2025-09-19 00:15:00,23.37944,77.18221,244,Brahmi,R1
F2,2025-09-05 22:18:00,23.28527,77.80132,135,Brahmi,R2
F5,2025-09-24 13:37:00,23.84958,77.05278,350,Ashwagandha,R5
F10,2025-09-18 03:56:00,23.56299,77.23849,664,Neem,R5
F17,2025-09-12 16:00:00,23.02443,77.83275,210,Brahmi,R3
F19,2025-09-04 16:44:00,23.04531,77.86865,110,Ashwagandha,R3
F12,2025-09-20 10:34:00,23.29885,77.94446,154,Ashwagandha,R4
F18,2025-09-15 22:06:00,23.64415,77.16728,159,Ashwagandha,R4
F14,2025-09-07 20:54:00,23.00558,77.44361,173,Brahmi,R3
F20,2025-09-03 06:33:00,23.81885,77.60154,112,Brahmi,R1
F8,2025-09-15 00:24:00,23.37862,77.84808,386,Ashwagandha,R4
F10,2025-09-06 06:40:00,23.17319,77.43829,155,Tulsi,R1
F12,2025-09-15 00:53:00,23.9446,77.32276,377,Neem,R4
F4,2025-09-24 17:14:00,23.33829,77.864,185,Brahmi,R1
F2,2025-09-20 06:43:00,23.64012,77.36246,291,Neem,R4
F3,2025-09-13 20:35:00,23.42359,77.28209,431,AloeVera,R4
F18,2025-09-24 02:48:00,23.12427,77.96707,467,AloeVera,R5
F11,2025-09-18 21:41:00,23.61478,77.02468,119,Brahmi,R3
F11,2025-09-11 20:31:00,23.29147,77.7711,332,Ashwagandha,R1
F2,2025-09-22 13:16:00,23.13412,77.81404,174,Brahmi,R1
F9,2025-09-16 19:11:00,23.39786,77.29982,675,Neem,R2
F1,2025-09-02 03:42:00,23.80037,77.7573,104,Brahmi,R3
F4,2025-09-24 06:08:00,23.56466,77.75674,514,Neem,R1
F10,2025-09-25 05:23:00,23.80746,77.12353,95,Tulsi,R5
F20,2025-09-05 00:45:00,23.9512,77.86794,73,Tulsi,R3
F6,2025-09-23 04:49:00,23.56383,77.30682,394,Neem,R5
F2,2025-09-16 14:50:00,23.61122,77.80835,194,Tulsi,R4
F4,2025-09-18 21:58:00,23.35116,77.45692,193,AloeVera,R5
F6,2025-09-09 14:41:00,23.50309,77.80515,91,Tulsi,R2
F3,2025-09-23 17:31:00,23.48312,77.03027,50,Tulsi,R4
F17,2025-09-13 19:20:00,23.02094,77.14728,173,Tulsi,R3
F10,2025-09-14 16:46:00,23.46106,77.25672,76,Tulsi,R4
F13,2025-09-11 21:10:00,23.30695,77.14725,132,Tulsi,R4
F5,2025-09-16 21:37:00,23.11821,77.55371,399,Ashwagandha,R5
F4,2025-09-03 04:26:00,23.62609,77.89286,164,Brahmi,R5
F4,2025-09-21 09:28:00,23.67349,77.66715,116,Brahmi,R1
F16,2025-09-29 09:14:00,23.81732,77.5196,161,AloeVera,R4
F13,2025-09-15 15:57:00,23.01814,77.03706,343,AloeVera,R1
F13,2025-09-29 23:02:00,23.25518,77.9748,166,Tulsi,R4
F9,2025-09-04 19:55:00,23.67649,77.85681,217,Brahmi,R3
F7,2025-09-10 11:02:00,23.11432,77.61475,475,AloeVera,R4
F7,2025-09-23 19:05:00,23.27856,77.65484,163,Ashwagandha,R3
F11,2025-09-25 13:07:00,23.99167,77.41123,219,AloeVera,R2
F2,2025-09-23 14:17:00,23.48187,77.2626,241,Brahmi,R1
F12,2025-09-29 04:18:00,23.08813,77.73882,370,Ashwagandha,R2
F20,2025-09-18 06:36:00,23.15545,77.51158,58,Tulsi,R2
F6,2025-09-20 02:28:00,23.17711,77.25574,200,Ashwagandha,R4
F17,2025-09-25 11:13:00,23.55978,77.02478,114,Brahmi,R1
F12,2025-09-06 09:44:00,23.97387,77.03685,247,Neem,R3
F9,2025-09-23 18:05:00,23.19078,77.04268,223,Brahmi,R5
F19,2025-09-23 07:35:00,23.82935,77.29125,268,Ashwagandha,R1
F13,2025-09-15 16:09:00,23.72615,77.19436,321,Ashwagandha,R2
F13,2025-09-24 04:13:00,23.0263,77.95845,294,AloeVera,R4
F13,2025-09-22 08:34:00,23.96299,77.27579,471,AloeVera,R4
F13,2025-09-28 23:42:00,23.64034,77.67552,125,Brahmi,R3
F19,2025-09-14 01:34:00,23.97842,77.92662,125,Brahmi,R2
F10,2025-09-28 13:44:00,23.93577,77.97553,409,AloeVera,R4
F9,2025-09-21 03:04:00,23.33744,77.22766,119,Brahmi,R2
F3,2025-09-11 20:42:00,23.14967,77.29303,295,AloeVera,R2
F18,2025-09-13 07:34:00,23.7167,77.45458,268,Ashwagandha,R3
F18,2025-09-01 19:47:00,23.95652,77.51107,206,Ashwagandha,R4
F19,2025-09-20 22:58:00,23.36461,77.60859,167,Brahmi,R2
F9,2025-09-12 18:49:00,23.75766,77.9575,163,Tulsi,R1
F2,2025-09-19 19:54:00,23.49507,77.43196,441,AloeVera,R5
F19,2025-09-22 10:09:00,23.67145,77.2478,385,AloeVera,R4
F12,2025-09-26 01:20:00,23.51927,77.99522,132,Tulsi,R5
F2,2025-09-08 05:34:00,23.28064,77.21722,140,Tulsi,R1
F18,2025-09-10 00:34:00,23.66387,77.70881,96,Brahmi,R2
F6,2025-09-24 14:23:00,23.95813,77.75436,365,Ashwagandha,R1
F15,2025-09-26 03:40:00,23.52107,77.76821,337,Ashwagandha,R5
F5,2025-09-03 11:01:00,23.96228,77.342,378,AloeVera,R3
F16,2025-09-22 22:11:00,23.78702,77.61539,120,Ashwagandha,R3
F16,2025-09-04 07:20:00,23.58456,77.0422,257,Ashwagandha,R3
F14,2025-09-08 18:51:00,23.7169,77.80578,143,Brahmi,R5
F1,2025-09-29 10:49:00,23.29081,77.48792,246,AloeVera,R4
F6,2025-09-21 01:03:00,23.46658,77.82962,174,Ashwagandha,R5
F6,2025-09-11 10:12:00,23.81322,77.06711,85,Tulsi,R3
F6,2025-09-15 17:16:00,23.27551,77.16642,478,Neem,R4
F4,2025-09-14 12:50:00,23.15932,77.66258,308,Ashwagandha,R1
F1,2025-09-03 19:29:00,23.61667,77.09448,109,Brahmi,R5
F9,2025-09-21 20:45:00,23.18066,77.86501,234,AloeVera,R1
F20,2025-09-13 04:17:00,23.5674,77.22359,237,AloeVera,R3
F12,2025-09-19 23:51:00,23.21316,77.3711,399,AloeVera,R1
F14,2025-09-09 11:16:00,23.08626,77.84114,341,Ashwagandha,R1
F19,2025-09-18 04:02:00,23.53705,77.75597,252,Neem,R4
F17,2025-09-06 08:54:00,23.91078,77.40654,171,Brahmi,R1
F7,2025-09-24 06:53:00,23.06242,77.36115,610,Neem,R5
F4,2025-09-18 01:07:00,23.18694,77.13556,472,Neem,R2
F14,2025-09-15 05:41:00,23.68531,77.1318,326,Ashwagandha,R2
F9,2025-09-15 05:18:00,23.81013,77.60151,490,AloeVera,R1
F16,2025-09-04 17:31:00,23.62236,77.66232,136,Brahmi,R3
F12,2025-09-24 16:00:00,23.54119,77.6356,154,Tulsi,R4
F5,2025-09-24 16:42:00,23.19467,77.91309,454,AloeVera,R5
F19,2025-09-19 23:46:00,23.0117,77.29967,210,Brahmi,R4
F1,2025-09-09 22:14:00,23.69066,77.48522,249,Brahmi,R2
F11,2025-09-18 01:52:00,23.1216,77.18377,332,Ashwagandha,R2
F18,2025-09-26 17:00:00,23.19434,77.38366,500,Neem,R4
F6,2025-09-22 00:41:00,23.79366,77.51144,520,Neem,R4
F10,2025-09-01 19:16:00,23.47076,77.62579,222,Ashwagandha,R4
F12,2025-09-04 08:36:00,23.80062,77.358,95,Brahmi,R4
F7,2025-09-18 11:56:00,23.43369,77.12915,475,Neem,R4
F8,2025-09-08 22:14:00,23.96355,77.12063,394,Ashwagandha,R3
F7,2025-09-04 23:55:00,23.62632,77.0005,549,Neem,R5
F14,2025-09-07 04:34:00,23.75361,77.32155,106,Brahmi,R5
F2,2025-09-04 07:03:00,23.21735,77.43449,418,AloeVera,R3
F1,2025-09-15 00:25:00,23.93671,77.72187,284,Neem,R3
F18,2025-09-02 18:50:00,23.67054,77.38862,338,Ashwagandha,R3
F16,2025-09-02 07:33:00,23.68275,77.38154,124,Ashwagandha,R4
F13,2025-09-22 10:36:00,23.82103,77.63852,64,Tulsi,R1
F16,2025-09-14 08:22:00,23.98056,77.92526,222,Brahmi,R3
F9,2025-09-25 13:41:00,23.30288,77.57527,233,Ashwagandha,R1
F2,2025-09-18 22:07:00,23.99389,77.17789,150,Brahmi,R1
F15,2025-09-26 02:50:00,23.17846,77.85953,361,AloeVera,R3
F1,2025-09-27 23:01:00,23.56286,77.53704,112,Ashwagandha,R4
F14,2025-09-10 05:17:00,23.62555,77.18361,446,AloeVera,R2
F9,2025-09-09 01:32:00,23.1758,77.19583,327,Neem,R1
F7,2025-09-06 21:58:00,23.52083,77.70378,524,Neem,R5
F5,2025-09-16 20:53:00,23.73873,77.5542,315,Ashwagandha,R1
F2,2025-09-12 17:18:00,23.80542,77.80196,168,Ashwagandha,R3
F17,2025-09-29 19:07:00,23.09323,77.5397,306,AloeVera,R4
F20,2025-09-18 07:39:00,23.63238,77.01897,387,AloeVera,R5
F9,2025-09-03 17:58:00,23.68666,77.786,269,Ashwagandha,R4
F2,2025-09-15 20:04:00,23.64236,77.03442,142,Tulsi,R5
F16,2025-09-24 19:42:00,23.18499,77.39794,93,Tulsi,R3
F14,2025-09-17 14:27:00,23.57332,77.86133,376,Neem,R2
F3,2025-09-03 07:08:00,23.56031,77.54354,166,Ashwagandha,R1
F6,2025-09-06 19:23:00,23.32074,77.53908,457,Neem,R5
F17,2025-09-25 12:11:00,23.2383,77.76556,106,Brahmi,R5
F7,2025-09-17 18:04:00,23.15194,77.08172,292,Neem,R5
F4,2025-09-17 21:10:00,23.65384,77.7903,351,AloeVera,R3
F18,2025-09-14 02:31:00,23.62184,77.36445,293,AloeVera,R5
F9,2025-09-27 03:08:00,23.79603,77.51235,452,Neem,R3
F1,2025-09-13 07:18:00,23.97325,77.60809,528,Neem,R2
F19,2025-09-28 06:28:00,23.09485,77.19476,250,Ashwagandha,R5
F9,2025-09-22 05:51:00,23.22864,77.38755,397,Neem,R4
F9,2025-09-16 09:53:00,23.48876,77.27086,267,Neem,R5
F2,2025-09-15 16:30:00,23.78698,77.44592,381,Neem,R5
F12,2025-09-29 20:31:00,23.13915,77.01844,285,Neem,R2
F1,2025-09-04 01:46:00,23.35175,77.84674,621,Neem,R5
F11,2025-09-25 18:21:00,23.29967,77.78976,149,Brahmi,R1
F7,2025-09-18 17:48:00,23.70085,77.33006,389,Neem,R1
F16,2025-09-21 06:03:00,23.78816,77.91652,206,Brahmi,R2
F16,2025-09-02 20:56:00,23.43017,77.39975,490,Neem,R3
F19,2025-09-08 06:40:00,23.36805,77.59003,222,Brahmi,R4
F1,2025-09-17 12:10:00,23.04594,77.20183,199,Tulsi,R3
F10,2025-09-20 00:34:00,23.28931,77.34514,116,Tulsi,R3
F2,2025-09-03 14:28:00,23.78684,77.74996,126,Tulsi,R2
F12,2025-09-02 06:36:00,23.87728,77.19191,69,Tulsi,R1
F20,2025-09-10 03:42:00,23.1319,77.28997,644,Neem,R4
F12,2025-09-07 04:43:00,23.0769,77.85549,217,AloeVera,R2
F11,2025-09-30 07:13:00,23.79409,77.53286,152,Tulsi,R4
F2,2025-09-23 18:40:00,23.2623,77.11964,345,AloeVera,R1
F18,2025-09-10 14:13:00,23.22113,77.07915,354,Ashwagandha,R2
F2,2025-09-10 23:53:00,23.208,77.78456,156,Brahmi,R1
F9,2025-09-17 10:40:00,23.40487,77.42648,362,Ashwagandha,R4
F6,2025-09-13 21:59:00,23.1253,77.44453,190,Ashwagandha,R5
F1,2025-09-29 05:18:00,23.88339,77.95578,137,Brahmi,R3
F20,2025-09-09 03:28:00,23.91971,77.92588,203,Brahmi,R2
F19,2025-09-30 23:09:00,23.6273,77.88027,435,AloeVera,R3
F5,2025-09-12 00:55:00,23.59085,77.60941,167,Tulsi,R5
F20,2025-09-09 00:44:00,23.52548,77.56161,381,AloeVera,R5
F2,2025-09-15 01:23:00,23.94584,77.08139,557,Neem,R1
F4,2025-09-07 21:07:00,23.89063,77.61894,569,Neem,R2
F13,2025-09-15 09:41:00,23.99556,77.40316,155,Tulsi,R2
F2,2025-09-14 15:32:00,23.75603,77.95577,200,Tulsi,R2
F11,2025-09-02 13:30:00,23.38255,77.4287,97,Brahmi,R2
F12,2025-09-14 09:10:00,23.54263,77.11215,181,Ashwagandha,R1
F8,2025-09-06 14:36:00,23.01983,77.54965,183,Tulsi,R2
F11,2025-09-19 22:28:00,23.72238,77.07243,205,Neem,R4
F18,2025-09-07 15:24:00,23.26599,77.9543,497,AloeVera,R1
F9,2025-09-13 12:41:00,23.94173,77.0546,198,Brahmi,R4
F8,2025-09-25 11:38:00,23.49129,77.61473,173,Ashwagandha,R2
F5,2025-09-06 00:03:00,23.73868,77.68434,317,Neem,R3
F12,2025-09-22 12:55:00,23.14466,77.35706,428,AloeVera,R4
F11,2025-09-17 05:32:00,23.43707,77.95347,182,Brahmi,R1
F9,2025-09-07 14:41:00,23.35569,77.91705,462,Neem,R4
F3,2025-09-23 17:30:00,23.78892,77.41367,185,Tulsi,R3
F7,2025-09-12 23:04:00,23.56635,77.28782,568,Neem,R1
F20,2025-09-12 19:39:00,23.49063,77.26941,233,AloeVera,R5
F11,2025-09-24 08:42:00,23.439,77.85936,106,Tulsi,R3
F3,2025-09-01 07:51:00,23.39859,77.24365,186,Ashwagandha,R3
F2,2025-09-24 14:57:00,23.28361,77.71161,106,Ashwagandha,R4
F10,2025-09-28 19:55:00,23.72436,77.96974,341,AloeVera,R5
F9,2025-09-11 02:09:00,23.5706,77.28923,224,AloeVera,R4
F6,2025-09-18 10:33:00,23.43581,77.79708,141,Tulsi,R2
F18,2025-09-03 02:12:00,23.18176,77.02662,339,Ashwagandha,R5
F16,2025-09-11 09:00:00,23.13676,77.07394,144,Tulsi,R4
F1,2025-09-06 22:02:00,23.42652,77.10644,82,Brahmi,R4
F9,2025-09-10 15:47:00,23.3601,77.7529,355,Ashwagandha,R2
F6,2025-09-30 10:24:00,23.58088,77.54722,216,AloeVera,R4
F2,2025-10-01 05:45:00,23.26459,77.4345,212,AloeVera,R1
F6,2025-09-03 02:17:00,23.10858,77.16576,337,Ashwagandha,R5
F5,2025-09-27 17:37:00,23.20299,77.93859,84,Tulsi,R2
F3,2025-09-06 21:34:00,23.88348,77.09506,320,AloeVera,R2
F7,2025-09-21 11:48:00,23.86919,77.75131,220,Brahmi,R2
F20,2025-09-24 17:48:00,23.7949,77.36906,332,Neem,R1
F11,2025-09-15 08:29:00,23.58328,77.7837,93,Tulsi,R5
F14,2025-09-24 23:49:00,23.12155,77.77996,102,Brahmi,R2
F14,2025-09-16 04:58:00,23.56609,77.4364,131,Tulsi,R4
F2,2025-09-20 06:54:00,23.93274,77.38798,236,Ashwagandha,R2
F19,2025-09-29 11:50:00,23.79806,77.49733,214,Brahmi,R3
F2,2025-09-08 16:19:00,23.64055,77.62432,222,AloeVera,R1
F1,2025-09-22 16:10:00,23.66845,77.07583,258,Neem,R4
F3,2025-09-17 11:52:00,23.98157,77.621,187,Tulsi,R4
F15,2025-09-29 15:38:00,23.44277,77.88571,136,Ashwagandha,R2
F6,2025-09-27 07:50:00,23.85624,77.72182,438,AloeVera,R4
F6,2025-09-05 19:32:00,23.68036,77.72018,479,AloeVera,R5
F14,2025-09-19 18:52:00,23.31212,77.58794,172,Brahmi,R4
F18,2025-09-13 08:10:00,23.83083,77.44706,137,Tulsi,R1
F10,2025-09-10 07:24:00,23.78819,77.0926,160,Brahmi,R3
F7,2025-09-03 22:47:00,23.94611,77.94012,368,AloeVera,R3
F12,2025-09-09 01:28:00,23.56035,77.21565,316,Ashwagandha,R4
F2,2025-09-04 21:24:00,23.11102,77.98818,427,AloeVera,R5
F19,2025-09-12 11:16:00,23.81772,77.44627,201,AloeVera,R2
F15,2025-09-28 13:18:00,23.22623,77.89545,185,Brahmi,R1
F8,2025-09-02 19:29:00,23.04229,77.64556,227,AloeVera,R2
F6,2025-09-28 17:04:00,23.754,77.01903,181,Ashwagandha,R3
F15,2025-09-27 05:23:00,23.24825,77.87715,90,Brahmi,R5
F19,2025-09-16 00:19:00,23.30415,77.45662,143,Tulsi,R2
F19,2025-09-15 07:25:00,23.52303,77.80619,379,Ashwagandha,R1
F16,2025-09-11 08:35:00,23.82459,77.88304,165,Ashwagandha,R4
F2,2025-09-12 04:57:00,23.84087,77.94676,369,Ashwagandha,R1
F15,2025-09-28 15:21:00,23.63463,77.20043,189,Tulsi,R3
F3,2025-09-15 13:22:00,23.17569,77.54725,82,Tulsi,R1
F5,2025-09-08 23:33:00,23.59249,77.90747,114,Tulsi,R4
F12,2025-09-14 11:59:00,23.23025,77.17038,94,Brahmi,R2
F16,2025-09-29 20:09:00,23.61531,77.68341,170,Brahmi,R5
F11,2025-09-18 11:19:00,23.35417,77.94203,125,Tulsi,R5
F1,2025-09-20 11:59:00,23.65806,77.66151,357,AloeVera,R1
F9,2025-09-01 08:33:00,23.97456,77.09705,540,Neem,R3
F11,2025-09-04 15:28:00,23.86132,77.72937,209,Ashwagandha,R4
F19,2025-09-17 07:23:00,23.15564,77.2658,505,Neem,R3
F15,2025-09-25 21:21:00,23.51087,77.98778,205,AloeVera,R2
F3,2025-09-16 23:51:00,23.18914,77.27907,434,AloeVera,R3
F10,2025-09-23 19:54:00,23.92006,77.07862,235,AloeVera,R5
F7,2025-09-24 22:33:00,23.23883,77.78496,240,Ashwagandha,R5
F3,2025-09-17 07:40:00,23.81204,77.59066,58,Tulsi,R4
F13,2025-09-12 21:11:00,23.12449,77.00741,651,Neem,R3
F10,2025-09-27 10:37:00,23.83369,77.38576,117,Brahmi,R5
F18,2025-09-28 13:14:00,23.93557,77.50796,312,AloeVera,R1
F11,2025-09-11 19:14:00,23.88203,77.70115,651,Neem,R5
F3,2025-09-05 08:05:00,23.60276,77.33159,171,Ashwagandha,R4
F16,2025-09-05 07:08:00,23.42507,77.12528,658,Neem,R1
F2,2025-09-16 21:27:00,23.74704,77.88532,67,Tulsi,R5
F8,2025-09-09 22:13:00,23.16589,77.12977,105,Tulsi,R1
F2,2025-09-11 11:48:00,23.8496,77.79859,302,Ashwagandha,R3
F4,2025-09-04 20:28:00,23.15489,77.70952,111,Brahmi,R2
F4,2025-09-30 09:07:00,23.14913,77.31833,363,Ashwagandha,R2
F20,2025-09-08 01:52:00,23.37592,77.75577,309,Ashwagandha,R1
F3,2025-09-18 05:41:00,23.64302,77.44555,170,Brahmi,R3
F17,2025-09-11 16:23:00,23.94745,77.84999,195,Brahmi,R4
F12,2025-09-04 23:24:00,23.50703,77.01099,120,Tulsi,R1
F20,2025-09-12 13:19:00,23.82003,77.94573,190,Brahmi,R4
F10,2025-09-07 22:58:00,23.91551,77.34481,385,Ashwagandha,R3
F4,2025-09-16 03:40:00,23.44468,77.19703,285,AloeVera,R2
F12,2025-09-24 10:18:00,23.39301,77.62907,141,Tulsi,R4
F7,2025-09-17 04:44:00,23.38736,77.19559,404,AloeVera,R5
F15,2025-09-21 18:58:00,23.9349,77.39347,628,Neem,R3
F4,2025-09-20 06:23:00,23.29372,77.089,549,Neem,R2
F3,2025-09-22 14:01:00,23.17772,77.35423,265,Ashwagandha,R5
F19,2025-09-19 14:40:00,23.22028,77.44594,563,Neem,R2
F16,2025-09-28 21:53:00,23.84791,77.13385,140,Ashwagandha,R1
F13,2025-09-03 04:47:00,23.43595,77.57247,380,Neem,R4
F14,2025-09-05 23:59:00,23.19167,77.27485,585,Neem,R2
F16,2025-09-17 09:26:00,23.98299,77.70649,258,Neem,R1
F11,2025-09-11 19:10:00,23.52961,77.13494,223,Ashwagandha,R4
F11,2025-09-07 20:06:00,23.0899,77.74016,96,Tulsi,R1
F9,2025-09-16 17:27:00,23.00226,77.81534,173,Brahmi,R1
F18,2025-09-25 16:20:00,23.62489,77.25422,238,Brahmi,R5
F15,2025-09-03 15:04:00,23.07466,77.1904,130,Brahmi,R2
F3,2025-09-22 17:59:00,23.93464,77.15645,101,Ashwagandha,R2
F10,2025-09-22 18:31:00,23.44287,77.77739,286,Neem,R1
F18,2025-09-14 10:13:00,23.31894,77.23284,670,Neem,R1
F8,2025-09-11 08:23:00,23.07725,77.64982,119,Brahmi,R2
F6,2025-09-03 21:39:00,23.88205,77.71106,668,Neem,R2
F14,2025-09-07 11:37:00,23.72748,77.45315,132,Tulsi,R3
F18,2025-09-29 11:23:00,23.46207,77.66037,66,Tulsi,R2
F6,2025-09-05 10:08:00,23.96628,77.79002,136,Ashwagandha,R1
F17,2025-09-02 01:47:00,23.53154,77.14877,137,Brahmi,R5
F15,2025-09-07 18:35:00,23.51452,77.36418,320,Neem,R4
F17,2025-09-10 00:28:00,23.48038,77.09074,218,Brahmi,R4
F2,2025-09-14 16:01:00,23.49312,77.99774,276,AloeVera,R4
F12,2025-09-02 00:05:00,23.27483,77.90416,294,Ashwagandha,R1
F18,2025-09-04 09:24:00,23.7223,77.27048,175,Ashwagandha,R5
F5,2025-09-22 22:33:00,23.62806,77.62429,166,Tulsi,R4
F12,2025-09-06 02:50:00,23.88552,77.68057,192,Tulsi,R5
F2,2025-09-30 21:37:00,23.99873,77.89782,148,Brahmi,R3
F11,2025-09-23 06:50:00,23.93016,77.41472,318,Ashwagandha,R3
F14,2025-09-08 21:28:00,23.11085,77.79931,250,Ashwagandha,R2
F13,2025-09-22 11:23:00,23.45717,77.56637,200,AloeVera,R3
F7,2025-09-08 02:07:00,23.11356,77.37116,338,AloeVera,R2
F3,2025-09-14 14:04:00,23.54289,77.35261,310,AloeVera,R5
F19,2025-09-25 03:50:00,23.4986,77.46031,449,AloeVera,R4
F6,2025-09-30 09:48:00,23.09596,77.5764,580,Neem,R1
F2,2025-09-21 06:58:00,23.49931,77.77924,207,Ashwagandha,R3
F11,2025-09-15 21:17:00,23.92035,77.9246,144,Tulsi,R2
F12,2025-09-01 06:17:00,23.44455,77.36081,303,Neem,R2
F2,2025-09-11 15:57:00,23.80874,77.52282,272,Neem,R2
F7,2025-09-02 14:30:00,23.31817,77.01699,381,Ashwagandha,R2
F12,2025-09-21 11:09:00,23.43202,77.09426,650,Neem,R2
F3,2025-09-26 15:02:00,23.79361,77.76674,352,Ashwagandha,R4
F4,2025-09-23 16:25:00,23.66454,77.51807,358,Neem,R4
F16,2025-09-17 12:24:00,23.27771,77.13791,247,Brahmi,R1
F17,2025-09-27 21:17:00,23.62829,77.63875,501,Neem,R4
F6,2025-10-01 03:14:00,23.87924,77.6172,350,Ashwagandha,R5
F13,2025-09-17 13:51:00,23.37977,77.34859,165,Ashwagandha,R4
F2,2025-09-17 18:52:00,23.2765,77.37437,187,Tulsi,R1
F17,2025-09-22 23:08:00,23.38418,77.4981,328,AloeVera,R1
F17,2025-09-12 02:04:00,23.47445,77.86733,198,AloeVera,R4
F6,2025-09-01 06:53:00,23.18356,77.2942,570,Neem,R2
F14,2025-09-11 01:13:00,23.50824,77.13155,189,AloeVera,R4
F1,2025-09-24 17:17:00,23.97848,77.16051,149,Tulsi,R5
F13,2025-09-11 05:57:00,23.75095,77.34868,150,Tulsi,R1
F8,2025-09-21 12:48:00,23.04535,77.41016,491,Neem,R2
F12,2025-09-14 13:04:00,23.99714,77.13791,190,Brahmi,R2
F7,2025-09-05 00:52:00,23.73442,77.34053,103,Tulsi,R2
F17,2025-09-14 21:19:00,23.39881,77.07999,443,Neem,R4
F14,2025-09-09 22:12:00,23.5954,77.69006,79,Tulsi,R2
F17,2025-09-03 11:48:00,23.70395,77.36891,490,Neem,R4
F8,2025-09-27 15:35:00,23.75592,77.93344,90,Brahmi,R3
F18,2025-09-20 16:07:00,23.18526,77.74148,151,Brahmi,R2
F5,2025-09-20 23:58:00,23.95279,77.90876,370,AloeVera,R1
F12,2025-09-15 22:32:00,23.73872,77.15494,99,Brahmi,R3
F14,2025-09-15 06:39:00,23.54507,77.70822,75,Tulsi,R5
F1,2025-09-03 21:14:00,23.11764,77.38377,208,Ashwagandha,R5
F12,2025-09-06 17:01:00,23.08959,77.41177,209,AloeVera,R1
F10,2025-09-14 00:56:00,23.05249,77.33841,119,Tulsi,R4
F8,2025-09-30 16:03:00,23.77658,77.83482,175,Brahmi,R1
F2,2025-09-22 09:51:00,23.78729,77.10807,115,Brahmi,R1
F5,2025-09-09 05:45:00,23.65433,77.34782,115,Brahmi,R5
F15,2025-09-28 10:40:00,23.01708,77.27551,145,Brahmi,R1
F1,2025-09-18 19:06:00,23.65109,77.38171,171,Tulsi,R1
F2,2025-09-29 06:00:00,23.17603,77.97551,579,Neem,R4
F17,2025-09-09 07:17:00,23.88427,77.06989,543,Neem,R1
F4,2025-09-10 01:23:00,23.43138,77.61301,197,Brahmi,R3
F14,2025-09-02 21:46:00,23.21041,77.48961,166,AloeVera,R3
F1,2025-09-25 05:54:00,23.34884,77.64052,400,Ashwagandha,R3
F4,2025-09-09 22:22:00,23.68486,77.44163,271,AloeVera,R2
F13,2025-09-04 01:24:00,23.76636,77.79347,181,Tulsi,R5
F12,2025-09-30 12:23:00,23.35875,77.01587,379,Neem,R2
F3,2025-09-24 13:39:00,23.90373,77.71816,130,Brahmi,R3
F15,2025-09-26 12:34:00,23.96076,77.18098,304,Neem,R5
F17,2025-09-26 20:11:00,23.52662,77.39154,275,Ashwagandha,R2
F12,2025-09-17 04:24:00,23.56886,77.72623,190,Tulsi,R4
F8,2025-09-11 04:29:00,23.15713,77.73932,246,Brahmi,R3
F1,2025-09-19 23:23:00,23.93002,77.11502,107,Brahmi,R2
F17,2025-09-23 11:43:00,23.1147,77.70097,480,AloeVera,R2
F12,2025-09-13 04:00:00,23.76088,77.86172,225,Ashwagandha,R4
F4,2025-09-07 06:50:00,23.40589,77.65279,211,Ashwagandha,R5
F14,2025-09-06 02:39:00,23.11943,77.38429,231,Neem,R3
F5,2025-09-13 05:28:00,23.92323,77.2005,479,Neem,R1
F6,2025-09-21 00:43:00,23.40695,77.33306,457,Neem,R1
F11,2025-09-24 15:40:00,23.1546,77.11422,217,AloeVera,R4
F19,2025-09-13 14:21:00,23.58342,77.28279,115,Brahmi,R2
F5,2025-09-22 11:04:00,23.94803,77.24603,369,Neem,R1
F20,2025-09-11 12:22:00,23.46356,77.19382,175,Ashwagandha,R2
F11,2025-09-17 19:31:00,23.42118,77.54872,54,Tulsi,R2
F12,2025-09-16 10:30:00,23.60944,77.62896,177,Brahmi,R1
F2,2025-09-16 11:02:00,23.06517,77.77318,168,Brahmi,R4
F16,2025-09-13 01:22:00,23.77011,77.0706,193,Ashwagandha,R4
F1,2025-09-04 23:18:00,23.72554,77.77717,190,Ashwagandha,R4
F12,2025-09-28 16:21:00,23.66269,77.91475,221,Brahmi,R2
F15,2025-09-05 23:56:00,23.40851,77.1846,309,AloeVera,R1
F18,2025-09-11 00:53:00,23.50681,77.79802,98,Tulsi,R3
F8,2025-09-06 05:23:00,23.97549,77.19466,188,AloeVera,R4
F7,2025-09-28 23:29:00,23.61275,77.37176,144,Brahmi,R4
F14,2025-09-20 01:18:00,23.96622,77.43686,198,Tulsi,R4
F11,2025-09-09 10:26:00,23.18331,77.37394,393,Ashwagandha,R3
F6,2025-09-25 21:02:00,23.95618,77.72213,65,Tulsi,R4
F1,2025-09-08 14:40:00,23.67415,77.38783,229,Brahmi,R1
F10,2025-09-04 21:03:00,23.66838,77.42999,338,AloeVera,R4
F3,2025-09-03 07:01:00,23.22532,77.31873,157,Brahmi,R1
F16,2025-09-11 08:25:00,23.43066,77.40947,372,Ashwagandha,R1
F2,2025-09-09 21:33:00,23.24553,77.03107,521,Neem,R2
F2,2025-09-20 04:24:00,23.69074,77.4566,234,Brahmi,R1
F16,2025-09-23 19:08:00,23.30086,77.82379,220,Brahmi,R5
F3,2025-09-13 13:53:00,23.14572,77.45829,529,Neem,R1
F16,2025-09-19 07:17:00,23.75966,77.4848,261,Ashwagandha,R4
F2,2025-09-23 04:22:00,23.66739,77.71954,167,Brahmi,R5
F7,2025-09-09 11:27:00,23.67269,77.62957,539,Neem,R1
F11,2025-09-10 20:46:00,23.01969,77.13272,273,Ashwagandha,R3
F2,2025-09-10 06:02:00,23.37412,77.39144,165,AloeVera,R5
F15,2025-09-16 08:33:00,23.27949,77.33798,152,AloeVera,R2
F18,2025-09-14 14:53:00,23.77875,77.87224,252,AloeVera,R5
F2,2025-09-16 09:02:00,23.04384,77.0157,455,AloeVera,R2
F13,2025-09-14 05:49:00,23.0552,77.99318,119,Brahmi,R2
F18,2025-09-30 12:47:00,23.73752,77.106,454,AloeVera,R5
F11,2025-09-22 16:00:00,23.63202,77.84627,287,Neem,R4
F6,2025-09-06 21:56:00,23.39873,77.72944,207,Neem,R4
F5,2025-09-06 05:59:00,23.65915,77.45515,244,Brahmi,R4
F11,2025-09-15 17:45:00,23.54006,77.98774,373,AloeVera,R1
F19,2025-09-06 00:29:00,23.03455,77.42024,192,Tulsi,R2
F11,2025-09-02 02:23:00,23.02994,77.62376,261,AloeVera,R1
F5,2025-09-18 05:24:00,23.90247,77.5768,350,Ashwagandha,R4
F18,2025-09-21 04:21:00,23.22118,77.44268,686,Neem,R5
F3,2025-09-16 15:49:00,23.15731,77.4372,482,AloeVera,R2
F14,2025-09-19 03:31:00,23.21419,77.8272,362,AloeVera,R4
F17,2025-09-10 06:39:00,23.03655,77.38437,484,AloeVera,R4
F18,2025-09-15 18:43:00,23.37763,77.80973,100,Tulsi,R1
F20,2025-09-19 04:29:00,23.7025,77.29197,396,Neem,R3
F1,2025-09-19 18:09:00,23.65613,77.66795,566,Neem,R1
F18,2025-09-28 18:19:00,23.99488,77.75442,496,AloeVera,R3
F7,2025-09-20 14:52:00,23.94432,77.41462,210,Brahmi,R3
F6,2025-09-05 18:13:00,23.55893,77.49445,437,AloeVera,R3
F7,2025-09-17 13:35:00,23.869,77.93261,333,Neem,R4
F17,2025-09-03 13:02:00,23.61566,77.93269,330,Neem,R1
F15,2025-09-28 06:17:00,23.47201,77.17836,504,Neem,R2
F9,2025-09-29 00:19:00,23.4326,77.17975,103,Tulsi,R4
F4,2025-09-26 12:16:00,23.27143,77.34009,283,AloeVera,R1
F14,2025-09-19 03:33:00,23.13865,77.77069,62,Tulsi,R2
F2,2025-09-25 17:34:00,23.57668,77.52663,425,AloeVera,R5
F5,2025-09-04 06:34:00,23.83417,77.8405,185,Tulsi,R4
F7,2025-09-04 11:25:00,23.88444,77.35003,86,Brahmi,R2
F6,2025-09-22 07:23:00,23.9026,77.31442,140,Ashwagandha,R2
F10,2025-09-15 06:19:00,23.07135,77.3772,183,Brahmi,R3
F9,2025-09-11 06:45:00,23.7157,77.96168,590,Neem,R5
F13,2025-09-25 08:40:00,23.12705,77.53766,413,Neem,R2
F12,2025-09-19 04:16:00,23.14297,77.86342,171,AloeVera,R3
F7,2025-09-10 07:06:00,23.13738,77.55657,314,Neem,R1
F11,2025-09-12 14:55:00,23.54223,77.73368,190,Tulsi,R4
F15,2025-09-20 13:44:00,23.0785,77.1917,653,Neem,R5
F9,2025-09-14 16:28:00,23.82838,77.9942,118,Tulsi,R4
F16,2025-09-22 16:14:00,23.39168,77.28865,342,Neem,R3
F18,2025-09-07 22:10:00,23.95812,77.25756,470,AloeVera,R3
F6,2025-09-23 15:20:00,23.98898,77.09448,482,AloeVera,R2
F12,2025-09-18 04:38:00,23.72945,77.74954,400,Ashwagandha,R5
F14,2025-09-16 00:20:00,23.25104,77.01602,212,Ashwagandha,R4
F10,2025-09-14 15:42:00,23.2636,77.04117,137,Brahmi,R1
F18,2025-09-06 13:34:00,23.9202,77.62153,353,Ashwagandha,R2
F10,2025-09-29 08:17:00,23.27647,77.29593,129,Tulsi,R5
F8,2025-09-06 00:15:00,23.88763,77.4358,229,Neem,R1
F4,2025-09-06 02:18:00,23.61962,77.23904,103,Tulsi,R1
F15,2025-09-23 03:33:00,23.14416,77.94377,130,Brahmi,R3
F7,2025-09-03 00:38:00,23.77733,77.78592,146,Brahmi,R1
F14,2025-09-14 10:46:00,23.81283,77.77261,146,Brahmi,R3
F2,2025-09-04 04:41:00,23.10874,77.99263,139,Tulsi,R5
F10,2025-09-13 15:14:00,23.61372,77.7465,227,Brahmi,R4
F17,2025-09-16 10:22:00,23.10659,77.87581,275,Ashwagandha,R4
F5,2025-09-04 07:31:00,23.05785,77.27702,487,AloeVera,R5
F16,2025-09-19 00:02:00,23.65282,77.02333,186,AloeVera,R3
F8,2025-09-02 11:24:00,23.09303,77.79683,436,AloeVera,R2
F12,2025-09-27 12:12:00,23.57071,77.57435,212,Ashwagandha,R2
F20,2025-09-26 04:34:00,23.67543,77.37891,154,Tulsi,R2
F17,2025-09-24 02:03:00,23.19685,77.28626,134,Brahmi,R5
F4,2025-09-12 22:25:00,23.25574,77.368,428,AloeVera,R2
F4,2025-09-25 08:41:00,23.69699,77.44945,177,Tulsi,R4
F11,2025-09-12 14:10:00,23.5186,77.61002,545,Neem,R2
F14,2025-09-07 06:50:00,23.57283,77.35237,315,Ashwagandha,R3
F20,2025-09-02 21:01:00,23.29082,77.15384,270,Ashwagandha,R3
F13,2025-09-02 22:56:00,23.33844,77.86542,146,Tulsi,R5
F15,2025-09-26 03:56:00,23.07715,77.17511,100,Tulsi,R5
F16,2025-09-14 04:38:00,23.30945,77.66088,234,Ashwagandha,R2
F11,2025-09-09 06:28:00,23.55862,77.84158,579,Neem,R2
F11,2025-09-14 20:08:00,23.93636,77.70925,164,Tulsi,R1
F19,2025-09-05 04:10:00,23.33596,77.37042,108,Brahmi,R4
F1,2025-09-09 16:58:00,23.04035,77.58046,81,Brahmi,R2
F8,2025-09-24 11:08:00,23.43461,77.03007,304,Ashwagandha,R5
F20,2025-09-13 17:11:00,23.34566,77.15233,402,Neem,R4
F9,2025-09-10 12:57:00,23.81268,77.20187,226,Brahmi,R1
F11,2025-09-18 11:00:00,23.43214,77.1457,324,Ashwagandha,R5
F2,2025-09-29 04:27:00,23.8071,77.75226,301,Ashwagandha,R3
F17,2025-09-11 06:05:00,23.6228,77.36385,497,Neem,R2
F15,2025-09-11 22:16:00,23.06265,77.44376,202,Brahmi,R3
F20,2025-09-11 22:01:00,23.49845,77.16011,259,AloeVera,R3
F12,2025-09-11 15:40:00,23.41943,77.39154,73,Tulsi,R5
F13,2025-09-17 19:39:00,23.43141,77.89629,243,Brahmi,R2
F19,2025-09-01 10:58:00,23.89482,77.44802,210,Ashwagandha,R4
F12,2025-09-29 10:17:00,23.07969,77.12791,227,Ashwagandha,R3
F7,2025-09-21 10:15:00,23.45813,77.63647,446,Neem,R5
F6,2025-09-11 01:29:00,23.83778,77.97907,172,AloeVera,R2
F11,2025-09-25 01:40:00,23.58881,77.51308,170,Brahmi,R2
F20,2025-09-06 11:06:00,23.74566,77.98122,685,Neem,R2
F4,2025-09-26 22:31:00,23.77216,77.95777,151,Tulsi,R3
F7,2025-09-03 06:55:00,23.53369,77.79025,152,Brahmi,R5
F14,2025-09-22 18:35:00,23.40503,77.40268,114,Tulsi,R4
F18,2025-09-16 23:04:00,23.25854,77.27116,166,Brahmi,R2
F9,2025-09-26 02:08:00,23.55769,77.33461,261,Ashwagandha,R3
F17,2025-09-27 05:40:00,23.32,77.46987,561,Neem,R1
F13,2025-09-05 01:08:00,23.53265,77.39088,143,Brahmi,R2
F7,2025-09-17 18:29:00,23.33995,77.54405,139,Tulsi,R4
F2,2025-09-01 14:12:00,23.20219,77.60913,260,AloeVera,R3
F3,2025-09-28 02:12:00,23.01457,77.96058,332,AloeVera,R3
F10,2025-09-14 17:02:00,23.14705,77.13123,299,Ashwagandha,R2
F18,2025-09-26 22:15:00,23.23609,77.93898,672,Neem,R1
F17,2025-09-09 20:12:00,23.8386,77.35109,144,Brahmi,R3
F11,2025-09-12 00:22:00,23.60833,77.21427,638,Neem,R2
F17,2025-09-02 10:58:00,23.48919,77.64046,90,Brahmi,R3
F11,2025-09-05 18:35:00,23.0051,77.56733,341,Neem,R2
F7,2025-09-13 04:34:00,23.2491,77.39262,628,Neem,R2
F12,2025-09-11 15:08:00,23.20843,77.41374,246,Neem,R2
F13,2025-09-30 01:30:00,23.72491,77.7024,210,Neem,R1
F5,2025-09-12 05:33:00,23.72874,77.92584,333,Neem,R3
F4,2025-09-14 21:35:00,23.34453,77.57473,120,Tulsi,R5
F8,2025-09-13 19:59:00,23.70384,77.93538,460,Neem,R3
F20,2025-09-22 09:14:00,23.21114,77.54955,242,Neem,R5
F10,2025-09-10 13:12:00,23.22728,77.36657,463,AloeVera,R2
F16,2025-09-07 22:23:00,23.42609,77.10106,304,AloeVera,R1
F10,2025-09-29 07:57:00,23.62885,77.13806,106,Ashwagandha,R2
F14,2025-09-02 04:08:00,23.87223,77.71808,234,Brahmi,R4
F4,2025-09-21 13:24:00,23.36304,77.1666,133,Ashwagandha,R1
F19,2025-09-07 00:11:00,23.93266,77.39421,500,Neem,R3
F16,2025-09-25 12:36:00,23.0522,77.77095,84,Tulsi,R4
F14,2025-09-30 23:26:00,23.78872,77.97393,380,AloeVera,R2
F16,2025-09-04 23:46:00,23.95577,77.09592,91,Tulsi,R1
F20,2025-09-05 16:44:00,23.39738,77.1723,222,AloeVera,R2
F20,2025-09-03 21:51:00,23.29578,77.44852,282,AloeVera,R3
F19,2025-09-08 11:26:00,23.83057,77.28292,221,Brahmi,R3
F11,2025-09-08 08:02:00,23.14644,77.30866,183,Ashwagandha,R1
F15,2025-09-26 00:15:00,23.32,77.43796,329,Ashwagandha,R2
F1,2025-09-19 09:09:00,23.46525,77.76202,182,Tulsi,R2
F19,2025-09-14 06:33:00,23.3221,77.38905,74,Tulsi,R4
F20,2025-09-09 07:53:00,23.05098,77.06714,78,Tulsi,R1
F13,2025-09-28 11:35:00,23.4207,77.15091,147,Tulsi,R2
F12,2025-09-13 00:10:00,23.75203,77.36641,162,AloeVera,R1
F5,2025-09-03 20:54:00,23.7412,77.72564,134,Ashwagandha,R3
F14,2025-09-28 01:04:00,23.39952,77.38785,158,AloeVera,R5
F7,2025-09-28 06:25:00,23.75554,77.34274,269,AloeVera,R4
F20,2025-09-17 12:39:00,23.8402,77.60904,136,Brahmi,R1
F1,2025-09-11 17:58:00,23.23592,77.00656,388,AloeVera,R3
F4,2025-09-23 07:42:00,23.34335,77.86447,152,Ashwagandha,R4
F12,2025-09-01 08:30:00,23.47364,77.34759,73,Tulsi,R4
F8,2025-09-24 11:06:00,23.7257,77.66507,90,Tulsi,R4
F4,2025-09-05 17:08:00,23.5262,77.85293,75,Tulsi,R1
F18,2025-09-04 11:36:00,23.38531,77.06118,122,Tulsi,R2
F12,2025-09-10 00:30:00,23.65634,77.08784,352,Ashwagandha,R2
F16,2025-09-23 07:15:00,23.09955,77.66018,243,Ashwagandha,R2
F13,2025-09-09 23:25:00,23.77984,77.15194,106,Brahmi,R3
F10,2025-09-24 19:17:00,23.22855,77.89587,84,Tulsi,R1
F10,2025-09-24 10:32:00,23.88269,77.18794,224,Ashwagandha,R5
F1,2025-09-08 04:13:00,23.69914,77.69061,167,Tulsi,R1
F18,2025-10-01 05:11:00,23.34084,77.00748,372,AloeVera,R1
F20,2025-09-21 06:49:00,23.56633,77.69914,82,Brahmi,R3
F16,2025-09-19 03:43:00,23.84985,77.01561,273,AloeVera,R3
F14,2025-09-11 23:56:00,23.52813,77.93165,391,Neem,R1
F11,2025-09-12 23:38:00,23.9989,77.59126,350,Ashwagandha,R1
F12,2025-09-17 22:00:00,23.72911,77.40362,602,Neem,R3
F20,2025-10-01 02:24:00,23.93729,77.98719,94,Tulsi,R2
F4,2025-09-23 16:28:00,23.92778,77.39913,210,Neem,R2
F1,2025-09-16 09:14:00,23.31386,77.24217,383,Neem,R2
F17,2025-09-26 09:52:00,23.63006,77.00729,211,Brahmi,R3
F2,2025-09-16 16:03:00,23.48119,77.60392,224,Brahmi,R1
F8,2025-09-05 12:52:00,23.21939,77.76131,180,Tulsi,R4
F19,2025-09-21 16:19:00,23.33925,77.22206,150,Brahmi,R5
F10,2025-09-12 13:26:00,23.01756,77.2959,345,AloeVera,R3
F4,2025-09-30 16:17:00,23.83929,77.68884,426,Neem,R4
F18,2025-09-15 23:28:00,23.69486,77.27063,354,Ashwagandha,R4
F12,2025-09-09 06:06:00,23.13538,77.89955,56,Tulsi,R3
F20,2025-09-20 20:50:00,23.85641,77.80187,191,Ashwagandha,R1
F6,2025-09-18 07:04:00,23.60982,77.68743,352,Neem,R3
F8,2025-09-27 06:02:00,23.8144,77.44141,241,AloeVera,R5
F13,2025-09-12 11:31:00,23.47439,77.56392,153,Ashwagandha,R5
F12,2025-09-23 19:58:00,23.88131,77.64784,153,Tulsi,R2
F2,2025-09-21 09:44:00,23.21798,77.8908,142,Brahmi,R1
F14,2025-09-26 19:54:00,23.25312,77.661,174,AloeVera,R4
F16,2025-09-17 22:25:00,23.40732,77.3867,249,Brahmi,R4
F19,2025-09-10 03:56:00,23.00613,77.98794,125,Brahmi,R5
F1,2025-09-03 08:11:00,23.81331,77.34394,477,Neem,R2
F5,2025-09-15 15:25:00,23.26702,77.75609,246,AloeVera,R3
F10,2025-09-04 20:40:00,23.33922,77.8185,230,Brahmi,R1
F2,2025-09-06 11:39:00,23.74931,77.09614,192,AloeVera,R5
F8,2025-09-08 13:09:00,23.16811,77.6377,224,Brahmi,R1
F7,2025-09-05 23:20:00,23.21409,77.36974,618,Neem,R3
F9,2025-09-15 17:39:00,23.72606,77.4067,342,AloeVera,R1
F20,2025-09-01 11:21:00,23.10569,77.6784,160,Ashwagandha,R4
F13,2025-09-29 04:08:00,23.55628,77.92927,222,Brahmi,R5
F5,2025-09-30 07:15:00,23.20453,77.09625,88,Brahmi,R2
F6,2025-09-18 15:23:00,23.41768,77.87467,653,Neem,R2
F1,2025-09-10 11:56:00,23.89735,77.59362,98,Tulsi,R1
F10,2025-09-07 11:38:00,23.93484,77.7597,614,Neem,R2
F4,2025-09-25 23:32:00,23.82023,77.38573,197,Tulsi,R3
F3,2025-09-22 22:55:00,23.1054,77.66058,220,Ashwagandha,R3
F11,2025-09-15 06:16:00,23.64126,77.2868,278,Ashwagandha,R2
F8,2025-10-28 11:12:00,23.12307,77.65639,210,Neem,R5
F8,2025-11-28 11:12:00,23.12307,77.65639,210,Neem,R5
F14,2025-10-19 18:52:00,23.31212,77.58794,172,Brahmi,R4
F18,2025-10-13 08:10:00,23.83083,77.44706,137,Tulsi,R1
F10,2025-10-10 07:24:00,23.78819,77.1026,160,Brahmi,R3
F7,2025-10-03 22:47:00,23.94611,77.94012,368,AloeVera,R3
F12,2025-10-10 01:28:00,23.56035,77.21565,316,Ashwagandha,R4
F2,2025-10-04 21:24:00,23.11102,77.98818,427,AloeVera,R5
F19,2025-10-12 11:16:00,23.81772,77.44627,201,AloeVera,R2
F15,2025-10-28 13:18:00,23.22623,77.89545,185,Brahmi,R1
F8,2025-10-02 19:29:00,23.04229,77.64556,227,AloeVera,R2
F6,2025-10-28 17:04:00,23.754,77.01903,181,Ashwagandha,R3
F15,2025-10-27 05:23:00,23.24825,77.87715,90,Brahmi,R5
F19,2025-10-16 00:19:00,23.30415,77.45662,143,Tulsi,R2
F19,2025-10-15 07:25:00,23.52303,77.80619,379,Ashwagandha,R1
F16,2025-10-11 08:35:00,23.82459,77.88304,165,Ashwagandha,R4
F2,2025-10-12 04:57:00,23.84087,77.94676,369,Ashwagandha,R1
F15,2025-10-28 15:21:00,23.63463,77.20043,189,Tulsi,R3
F3,2025-10-15 13:22:00,23.17569,77.54725,82,Tulsi,R1
F5,2025-10-08 23:33:00,23.59249,77.90747,114,Tulsi,R4
F12,2025-10-14 11:59:00,23.23025,77.17038,94,Brahmi,R2
F16,2025-10-29 20:10:00,23.61531,77.68341,170,Brahmi,R5
F11,2025-10-18 11:19:00,23.35417,77.94203,125,Tulsi,R5
F1,2025-10-20 11:59:00,23.65806,77.66151,357,AloeVera,R1
F9,2025-10-01 08:33:00,23.97456,77.10705,540,Neem,R3
F11,2025-10-04 15:28:00,23.86132,77.72937,210,Ashwagandha,R4
F19,2025-10-17 07:23:00,23.15564,77.2658,505,Neem,R3
F15,2025-10-25 21:21:00,23.51087,77.98778,205,AloeVera,R2
F3,2025-10-16 23:51:00,23.18914,77.27907,434,AloeVera,R3
F10,2025-10-23 19:54:00,23.92006,77.07862,235,AloeVera,R5
F7,2025-10-24 22:33:00,23.23883,77.78496,240,Ashwagandha,R5
F3,2025-10-17 07:40:00,23.81204,77.59066,58,Tulsi,R4
F13,2025-10-12 21:11:00,23.12449,77.00741,651,Neem,R3
F10,2025-10-27 10:37:00,23.83369,77.38576,117,Brahmi,R5
F18,2025-10-28 13:14:00,23.93557,77.50796,312,AloeVera,R1
F11,2025-10-11 19:14:00,23.88203,77.70115,651,Neem,R5
F3,2025-10-05 08:05:00,23.60276,77.33159,171,Ashwagandha,R4
F16,2025-10-05 07:08:00,23.42507,77.12528,658,Neem,R1
F2,2025-10-16 21:27:00,23.74704,77.88532,67,Tulsi,R5
F8,2025-10-10 22:13:00,23.16589,77.12977,105,Tulsi,R1
F2,2025-10-11 11:48:00,23.8496,77.79859,302,Ashwagandha,R3
F4,2025-10-04 20:28:00,23.15489,77.71052,111,Brahmi,R2
F4,2025-10-30 10:07:00,23.14913,77.31833,363,Ashwagandha,R2
F20,2025-10-08 01:52:00,23.37592,77.75577,310,Ashwagandha,R1
F3,2025-10-18 05:41:00,23.64302,77.44555,170,Brahmi,R3
F17,2025-10-11 16:23:00,23.94745,77.84999,195,Brahmi,R4
F12,2025-10-04 23:24:00,23.50703,77.01109,120,Tulsi,R1
F20,2025-10-12 13:19:00,23.82003,77.94573,190,Brahmi,R4
F10,2025-10-07 22:58:00,23.91551,77.34481,385,Ashwagandha,R3
F4,2025-10-16 03:40:00,23.44468,77.19703,285,AloeVera,R2
F12,2025-10-24 10:18:00,23.39301,77.62907,141,Tulsi,R4
F7,2025-10-17 04:44:00,23.38736,77.19559,404,AloeVera,R5
F15,2025-10-21 18:58:00,23.9349,77.39347,628,Neem,R3
F4,2025-10-20 06:23:00,23.29372,77.089,549,Neem,R2
F3,2025-10-22 14:01:00,23.17772,77.35423,265,Ashwagandha,R5
F19,2025-10-19 14:40:00,23.22028,77.44594,563,Neem,R2
F16,2025-10-28 21:53:00,23.84791,77.13385,140,Ashwagandha,R1
F13,2025-10-03 04:47:00,23.43595,77.57247,380,Neem,R4
F14,2025-10-05 23:59:00,23.19167,77.27485,585,Neem,R2
F16,2025-10-17 10:26:00,23.98299,77.70649,258,Neem,R1
F11,2025-10-11 19:10:00,23.52961,77.13494,223,Ashwagandha,R4
F11,2025-10-07 20:06:00,23.0899,77.74016,96,Tulsi,R1
F9,2025-10-16 17:27:00,23.00226,77.81534,173,Brahmi,R1
F18,2025-10-25 16:20:00,23.62489,77.25422,238,Brahmi,R5
F15,2025-10-03 15:04:00,23.07466,77.1904,130,Brahmi,R2
F3,2025-10-22 17:59:00,23.93464,77.15645,101,Ashwagandha,R2
F10,2025-10-22 18:31:00,23.44287,77.77739,286,Neem,R1
F18,2025-10-14 10:13:00,23.31894,77.23284,670,Neem,R1
F8,2025-10-11 08:23:00,23.07725,77.64982,119,Brahmi,R2
F6,2025-10-03 21:39:00,23.88205,77.71106,668,Neem,R2
F14,2025-10-07 11:37:00,23.72748,77.45315,132,Tulsi,R3
F18,2025-10-29 11:23:00,23.46207,77.66037,66,Tulsi,R2
F6,2025-10-05 10:08:00,23.96628,77.79002,136,Ashwagandha,R1
F17,2025-10-02 01:47:00,23.53154,77.14877,137,Brahmi,R5
F15,2025-10-07 18:35:00,23.51452,77.36418,320,Neem,R4
F17,2025-10-10 00:28:00,23.48038,77.10074,218,Brahmi,R4
F2,2025-10-14 16:01:00,23.49312,77.99774,276,AloeVera,R4
F12,2025-10-02 00:05:00,23.27483,77.90416,294,Ashwagandha,R1
F18,2025-10-04 10:24:00,23.7223,77.27048,175,Ashwagandha,R5
F5,2025-10-22 22:33:00,23.62806,77.62429,166,Tulsi,R4
F12,2025-10-06 02:50:00,23.88552,77.68057,192,Tulsi,R5
F2,2025-10-30 21:37:00,23.99873,77.89782,148,Brahmi,R3
F11,2025-10-23 06:50:00,23.93016,77.41472,318,Ashwagandha,R3
F14,2025-10-08 21:28:00,23.11085,77.79931,250,Ashwagandha,R2
F13,2025-10-22 11:23:00,23.45717,77.56637,200,AloeVera,R3
F7,2025-10-08 02:07:00,23.11356,77.37116,338,AloeVera,R2
F3,2025-10-14 14:04:00,23.54289,77.35261,310,AloeVera,R5
F19,2025-10-25 03:50:00,23.4986,77.46031,449,AloeVera,R4
F6,2025-10-30 10:48:00,23.10596,77.5764,580,Neem,R1
F2,2025-10-21 06:58:00,23.49931,77.77924,207,Ashwagandha,R3
F11,2025-10-15 21:17:00,23.92035,77.9246,144,Tulsi,R2
F12,2025-10-01 06:17:00,23.44455,77.36081,303,Neem,R2
F2,2025-10-11 15:57:00,23.80874,77.52282,272,Neem,R2
F7,2025-10-02 14:30:00,23.31817,77.01699,381,Ashwagandha,R2
F12,2025-10-21 11:10:00,23.43202,77.10426,650,Neem,R2
F3,2025-10-26 15:02:00,23.79361,77.76674,352,Ashwagandha,R4
F4,2025-10-23 16:25:00,23.66454,77.51807,358,Neem,R4
F16,2025-10-17 12:24:00,23.27771,77.13791,247,Brahmi,R1
F17,2025-10-27 21:17:00,23.62829,77.63875,501,Neem,R4
F6,2025-10-01 03:14:00,23.87924,77.6172,350,Ashwagandha,R5
F13,2025-10-17 13:51:00,23.37977,77.34859,165,Ashwagandha,R4
F2,2025-10-17 18:52:00,23.2765,77.37437,187,Tulsi,R1
F17,2025-10-22 23:08:00,23.38418,77.4981,328,AloeVera,R1
F17,2025-10-12 02:04:00,23.47445,77.86733,198,AloeVera,R4
F6,2025-10-01 06:53:00,23.18356,77.2942,570,Neem,R2
F14,2025-10-11 01:13:00,23.50824,77.13155,189,AloeVera,R4
F1,2025-10-24 17:17:00,23.97848,77.16051,149,Tulsi,R5
F13,2025-10-11 05:57:00,23.75105,77.34868,150,Tulsi,R1
F8,2025-10-21 12:48:00,23.04535,77.41016,491,Neem,R2
F12,2025-10-14 13:04:00,23.99714,77.13791,190,Brahmi,R2
F7,2025-10-05 00:52:00,23.73442,77.34053,103,Tulsi,R2
F17,2025-10-14 21:19:00,23.39881,77.07999,443,Neem,R4
F14,2025-10-10 22:12:00,23.5954,77.69006,79,Tulsi,R2
F17,2025-10-03 11:48:00,23.70395,77.36891,490,Neem,R4
F8,2025-10-27 15:35:00,23.75592,77.93344,90,Brahmi,R3
F18,2025-10-20 16:07:00,23.18526,77.74148,151,Brahmi,R2
F5,2025-10-20 23:58:00,23.95279,77.90876,370,AloeVera,R1
F12,2025-10-15 22:32:00,23.73872,77.15494,99,Brahmi,R3
F14,2025-10-15 06:39:00,23.54507,77.70822,75,Tulsi,R5
F1,2025-10-03 21:14:00,23.11764,77.38377,208,Ashwagandha,R5
F12,2025-10-06 17:01:00,23.08959,77.41177,210,AloeVera,R1
F10,2025-10-14 00:56:00,23.05249,77.33841,119,Tulsi,R4
F8,2025-10-30 16:03:00,23.77658,77.83482,175,Brahmi,R1
F2,2025-10-22 10:51:00,23.78729,77.10807,115,Brahmi,R1
F5,2025-10-10 05:45:00,23.65433,77.34782,115,Brahmi,R5
F15,2025-10-28 10:40:00,23.01708,77.27551,145,Brahmi,R1
F1,2025-10-18 19:06:00,23.65110,77.38171,171,Tulsi,R1
F2,2025-10-29 06:00:00,23.17603,77.97551,579,Neem,R4
F17,2025-10-10 07:17:00,23.88427,77.06989,543,Neem,R1
F4,2025-10-10 01:23:00,23.43138,77.61301,197,Brahmi,R3
F14,2025-10-02 21:46:00,23.21041,77.48961,166,AloeVera,R3
F1,2025-10-25 05:54:00,23.34884,77.64052,400,Ashwagandha,R3
F4,2025-10-10 22:22:00,23.68486,77.44163,271,AloeVera,R2
F13,2025-10-04 01:24:00,23.76636,77.79347,181,Tulsi,R5
F12,2025-10-30 12:23:00,23.35875,77.01587,379,Neem,R2
F3,2025-10-24 13:39:00,23.90373,77.71816,130,Brahmi,R3
F15,2025-10-26 12:34:00,23.96076,77.18108,304,Neem,R5
F17,2025-10-26 20:11:00,23.52662,77.39154,275,Ashwagandha,R2
F12,2025-10-17 04:24:00,23.56886,77.72623,190,Tulsi,R4
F8,2025-10-11 04:29:00,23.15713,77.73932,246,Brahmi,R3
F1,2025-10-19 23:23:00,23.93002,77.11502,107,Brahmi,R2
F17,2025-10-23 11:43:00,23.1147,77.70107,480,AloeVera,R2
F12,2025-10-13 04:00:00,23.76088,77.86172,225,Ashwagandha,R4
F4,2025-10-07 06:50:00,23.40589,77.65279,211,Ashwagandha,R5
F14,2025-10-06 02:39:00,23.11943,77.38429,231,Neem,R3
F5,2025-10-13 05:28:00,23.92323,77.2005,479,Neem,R1
F6,2025-10-21 00:43:00,23.40695,77.33306,457,Neem,R1
F11,2025-10-24 15:40:00,23.1546,77.11422,217,AloeVera,R4
F19,2025-10-13 14:21:00,23.58342,77.28279,115,Brahmi,R2
F5,2025-10-22 11:04:00,23.94803,77.24603,369,Neem,R1
F20,2025-10-11 12:22:00,23.46356,77.19382,175,Ashwagandha,R2
F11,2025-10-17 19:31:00,23.42118,77.54872,54,Tulsi,R2
F12,2025-10-16 10:30:00,23.61044,77.62896,177,Brahmi,R1
F2,2025-10-16 11:02:00,23.06517,77.77318,168,Brahmi,R4
F16,2025-10-13 01:22:00,23.77011,77.0706,193,Ashwagandha,R4
F1,2025-10-04 23:18:00,23.72554,77.77717,190,Ashwagandha,R4
F12,2025-10-28 16:21:00,23.66269,77.91475,221,Brahmi,R2
F15,2025-10-05 23:56:00,23.40851,77.1846,310,AloeVera,R1
F18,2025-10-11 00:53:00,23.50681,77.79802,98,Tulsi,R3
F8,2025-10-06 05:23:00,23.97549,77.19466,188,AloeVera,R4
F7,2025-10-28 23:29:00,23.61275,77.37176,144,Brahmi,R4
F14,2025-10-20 01:18:00,23.96622,77.43686,198,Tulsi,R4
F11,2025-10-10 10:26:00,23.18331,77.37394,393,Ashwagandha,R3
F6,2025-10-25 21:02:00,23.95618,77.72213,65,Tulsi,R4
F1,2025-10-08 14:40:00,23.67415,77.38783,229,Brahmi,R1
F10,2025-10-04 21:03:00,23.66838,77.42999,338,AloeVera,R4
F3,2025-10-03 07:01:00,23.22532,77.31873,157,Brahmi,R1
F16,2025-10-11 08:25:00,23.43066,77.41047,372,Ashwagandha,R1
F2,2025-10-10 21:33:00,23.24553,77.03107,521,Neem,R2
F2,2025-10-20 04:24:00,23.69074,77.4566,234,Brahmi,R1
F16,2025-10-23 19:08:00,23.30086,77.82379,220,Brahmi,R5
F3,2025-10-13 13:53:00,23.14572,77.45829,529,Neem,R1
F16,2025-10-19 07:17:00,23.75966,77.4848,261,Ashwagandha,R4
F2,2025-10-23 04:22:00,23.66739,77.71954,167,Brahmi,R5
F7,2025-10-10 11:27:00,23.67269,77.62957,539,Neem,R1
F11,2025-10-10 20:46:00,23.01969,77.13272,273,Ashwagandha,R3
F2,2025-10-10 06:02:00,23.37412,77.39144,165,AloeVera,R5
F15,2025-10-16 08:33:00,23.27949,77.33798,152,AloeVera,R2
F18,2025-10-14 14:53:00,23.77875,77.87224,252,AloeVera,R5
F2,2025-10-16 10:02:00,23.04384,77.0157,455,AloeVera,R2
F13,2025-10-14 05:49:00,23.0552,77.99318,119,Brahmi,R2
F18,2025-10-30 12:47:00,23.73752,77.106,454,AloeVera,R5
F11,2025-10-22 16:00:00,23.63202,77.84627,287,Neem,R4
F6,2025-10-06 21:56:00,23.39873,77.72944,207,Neem,R4
F5,2025-10-06 05:59:00,23.65915,77.45515,244,Brahmi,R4
F11,2025-10-15 17:45:00,23.54006,77.98774,373,AloeVera,R1
F19,2025-10-06 00:29:00,23.03455,77.42024,192,Tulsi,R2
F11,2025-10-02 02:23:00,23.02994,77.62376,261,AloeVera,R1
F5,2025-10-18 05:24:00,23.90247,77.5768,350,Ashwagandha,R4
F18,2025-10-21 04:21:00,23.22118,77.44268,686,Neem,R5
F3,2025-10-16 15:49:00,23.15731,77.4372,482,AloeVera,R2
F14,2025-10-19 03:31:00,23.21419,77.8272,362,AloeVera,R4
F17,2025-10-10 06:39:00,23.03655,77.38437,484,AloeVera,R4
F18,2025-10-15 18:43:00,23.37763,77.81073,100,Tulsi,R1
F20,2025-10-19 04:29:00,23.7025,77.29197,396,Neem,R3
F1,2025-10-19 18:10:00,23.65613,77.66795,566,Neem,R1
F18,2025-10-28 18:19:00,23.99488,77.75442,496,AloeVera,R3
F7,2025-10-20 14:52:00,23.94432,77.41462,210,Brahmi,R3
F6,2025-10-05 18:13:00,23.55893,77.49445,437,AloeVera,R3
F7,2025-10-17 13:35:00,23.869,77.93261,333,Neem,R4
F17,2025-10-03 13:02:00,23.61566,77.93269,330,Neem,R1
F15,2025-10-28 06:17:00,23.47201,77.17836,504,Neem,R2
F9,2025-10-29 00:19:00,23.4326,77.17975,103,Tulsi,R4
F4,2025-10-26 12:16:00,23.27143,77.34010,283,AloeVera,R1
F14,2025-10-19 03:33:00,23.13865,77.77069,62,Tulsi,R2
F2,2025-10-25 17:34:00,23.57668,77.52663,425,AloeVera,R5
F5,2025-10-04 06:34:00,23.83417,77.8405,185,Tulsi,R4
F7,2025-10-04 11:25:00,23.88444,77.35003,86,Brahmi,R2
F6,2025-10-22 07:23:00,23.9026,77.31442,140,Ashwagandha,R2
F10,2025-10-15 06:19:00,23.07135,77.3772,183,Brahmi,R3
F9,2025-10-11 06:45:00,23.7157,77.96168,590,Neem,R5
F13,2025-10-25 08:40:00,23.12705,77.53766,413,Neem,R2
F12,2025-10-19 04:16:00,23.14297,77.86342,171,AloeVera,R3
F7,2025-10-10 07:06:00,23.13738,77.55657,314,Neem,R1
F11,2025-10-12 14:55:00,23.54223,77.73368,190,Tulsi,R4
F15,2025-10-20 13:44:00,23.0785,77.1917,653,Neem,R5
F9,2025-10-14 16:28:00,23.82838,77.9942,118,Tulsi,R4
F16,2025-10-22 16:14:00,23.39168,77.28865,342,Neem,R3
F18,2025-10-07 22:10:00,23.95812,77.25756,470,AloeVera,R3
F6,2025-10-23 15:20:00,23.98898,77.10448,482,AloeVera,R2
F12,2025-10-18 04:38:00,23.72945,77.74954,400,Ashwagandha,R5
F14,2025-10-16 00:20:00,23.25104,77.01602,212,Ashwagandha,R4
F10,2025-10-14 15:42:00,23.2636,77.04117,137,Brahmi,R1
F18,2025-10-06 13:34:00,23.9202,77.62153,353,Ashwagandha,R2
F10,2025-10-29 08:17:00,23.27647,77.29593,129,Tulsi,R5
F8,2025-10-06 00:15:00,23.88763,77.4358,229,Neem,R1
F4,2025-10-06 02:18:00,23.61962,77.23904,103,Tulsi,R1
F15,2025-10-23 03:33:00,23.14416,77.94377,130,Brahmi,R3
F7,2025-10-03 00:38:00,23.77733,77.78592,146,Brahmi,R1
F14,2025-10-14 10:46:00,23.81283,77.77261,146,Brahmi,R3
F2,2025-10-04 04:41:00,23.10874,77.99263,139,Tulsi,R5
F10,2025-10-13 15:14:00,23.61372,77.7465,227,Brahmi,R4
F17,2025-10-16 10:22:00,23.10659,77.87581,275,Ashwagandha,R4
F5,2025-10-04 07:31:00,23.05785,77.27702,487,AloeVera,R5
F16,2025-10-19 00:02:00,23.65282,77.02333,186,AloeVera,R3
F8,2025-10-02 11:24:00,23.10303,77.79683,436,AloeVera,R2
F12,2025-10-27 12:12:00,23.57071,77.57435,212,Ashwagandha,R2
F20,2025-10-26 04:34:00,23.67543,77.37891,154,Tulsi,R2
F17,2025-10-24 02:03:00,23.19685,77.28626,134,Brahmi,R5
F4,2025-10-12 22:25:00,23.25574,77.368,428,AloeVera,R2
F4,2025-10-25 08:41:00,23.69699,77.44945,177,Tulsi,R4
F11,2025-10-12 14:10:00,23.5186,77.61002,545,Neem,R2
F14,2025-10-07 06:50:00,23.57283,77.35237,315,Ashwagandha,R3
F20,2025-10-02 21:01:00,23.29082,77.15384,270,Ashwagandha,R3
F13,2025-10-02 22:56:00,23.33844,77.86542,146,Tulsi,R5
F15,2025-10-26 03:56:00,23.07715,77.17511,100,Tulsi,R5
F16,2025-10-14 04:38:00,23.31045,77.66088,234,Ashwagandha,R2
F11,2025-10-10 06:28:00,23.55862,77.84158,579,Neem,R2
F11,2025-10-14 20:08:00,23.93636,77.71025,164,Tulsi,R1
F19,2025-10-05 04:10:00,23.33596,77.37042,108,Brahmi,R4
F1,2025-10-10 16:58:00,23.04035,77.58046,81,Brahmi,R2
F8,2025-10-24 11:08:00,23.43461,77.03007,304,Ashwagandha,R5
F20,2025-10-13 17:11:00,23.34566,77.15233,402,Neem,R4
F9,2025-10-10 12:57:00,23.81268,77.20187,226,Brahmi,R1
F11,2025-10-18 11:00:00,23.43214,77.1457,324,Ashwagandha,R5
F2,2025-10-29 04:27:00,23.8071,77.75226,301,Ashwagandha,R3
F17,2025-10-11 06:05:00,23.6228,77.36385,497,Neem,R2
F15,2025-10-11 22:16:00,23.06265,77.44376,202,Brahmi,R3
F20,2025-10-11 22:01:00,23.49845,77.16011,259,AloeVera,R3
F12,2025-10-11 15:40:00,23.41943,77.39154,73,Tulsi,R5
F13,2025-10-17 19:39:00,23.43141,77.89629,243,Brahmi,R2
F19,2025-10-01 10:58:00,23.89482,77.44802,210,Ashwagandha,R4
F12,2025-10-29 10:17:00,23.07969,77.12791,227,Ashwagandha,R3
F7,2025-10-21 10:15:00,23.45813,77.63647,446,Neem,R5
F6,2025-10-11 01:29:00,23.83778,77.97907,172,AloeVera,R2
F11,2025-10-25 01:40:00,23.58881,77.51308,170,Brahmi,R2
F20,2025-10-06 11:06:00,23.74566,77.98122,685,Neem,R2
F4,2025-10-26 22:31:00,23.77216,77.95777,151,Tulsi,R3
F7,2025-10-03 06:55:00,23.53369,77.79025,152,Brahmi,R5
F14,2025-10-22 18:35:00,23.40503,77.40268,114,Tulsi,R4
F18,2025-10-16 23:04:00,23.25854,77.27116,166,Brahmi,R2
F9,2025-10-26 02:08:00,23.55769,77.33461,261,Ashwagandha,R3
F17,2025-10-27 05:40:00,23.32,77.46987,561,Neem,R1
F13,2025-10-05 01:08:00,23.53265,77.39088,143,Brahmi,R2
F7,2025-10-17 18:29:00,23.33995,77.54405,139,Tulsi,R4
F2,2025-10-01 14:12:00,23.20219,77.61013,260,AloeVera,R3
F3,2025-10-28 02:12:00,23.01457,77.96058,332,AloeVera,R3
F10,2025-10-14 17:02:00,23.14705,77.13123,299,Ashwagandha,R2
F18,2025-10-26 22:15:00,23.23610,77.93898,672,Neem,R1
F17,2025-10-10 20:12:00,23.8386,77.35110,144,Brahmi,R3
F11,2025-10-12 00:22:00,23.60833,77.21427,638,Neem,R2
F17,2025-10-02 10:58:00,23.48919,77.64046,90,Brahmi,R3
F11,2025-10-05 18:35:00,23.0051,77.56733,341,Neem,R2
F7,2025-10-13 04:34:00,23.2491,77.39262,628,Neem,R2
F12,2025-10-11 15:08:00,23.20843,77.41374,246,Neem,R2
F13,2025-10-30 01:30:00,23.72491,77.7024,210,Neem,R1
F5,2025-10-12 05:33:00,23.72874,77.92584,333,Neem,R3
F4,2025-10-14 21:35:00,23.34453,77.57473,120,Tulsi,R5
F8,2025-10-13 19:59:00,23.70384,77.93538,460,Neem,R3
F20,2025-10-22 10:14:00,23.21114,77.54955,242,Neem,R5
F10,2025-10-10 13:12:00,23.22728,77.36657,463,AloeVera,R2
F16,2025-10-07 22:23:00,23.42610,77.10106,304,AloeVera,R1
F10,2025-10-29 07:57:00,23.62885,77.13806,106,Ashwagandha,R2
F14,2025-10-02 04:08:00,23.87223,77.71808,234,Brahmi,R4
F4,2025-10-21 13:24:00,23.36304,77.1666,133,Ashwagandha,R1
F19,2025-10-07 00:11:00,23.93266,77.39421,500,Neem,R3
F16,2025-10-25 12:36:00,23.0522,77.77105,84,Tulsi,R4
F14,2025-10-30 23:26:00,23.78872,77.97393,380,AloeVera,R2
F16,2025-10-04 23:46:00,23.95577,77.10592,91,Tulsi,R1
F20,2025-10-05 16:44:00,23.39738,77.1723,222,AloeVera,R2
F20,2025-10-03 21:51:00,23.29578,77.44852,282,AloeVera,R3
F19,2025-10-08 11:26:00,23.83057,77.28292,221,Brahmi,R3
F11,2025-10-08 08:02:00,23.14644,77.30866,183,Ashwagandha,R1
F15,2025-10-26 00:15:00,23.32,77.43796,329,Ashwagandha,R2
F1,2025-10-19 10:10:00,23.46525,77.76202,182,Tulsi,R2
F19,2025-10-14 06:33:00,23.3221,77.38905,74,Tulsi,R4
F20,2025-10-10 07:53:00,23.05108,77.06714,78,Tulsi,R1
F13,2025-10-28 11:35:00,23.4207,77.15101,147,Tulsi,R2
F12,2025-10-13 00:10:00,23.75203,77.36641,162,AloeVera,R1
F5,2025-10-03 20:54:00,23.7412,77.72564,134,Ashwagandha,R3
F14,2025-10-28 01:04:00,23.39952,77.38785,158,AloeVera,R5
F7,2025-10-28 06:25:00,23.75554,77.34274,269,AloeVera,R4
F20,2025-10-17 12:39:00,23.8402,77.61004,136,Brahmi,R1
F1,2025-10-11 17:58:00,23.23592,77.00656,388,AloeVera,R3
F4,2025-10-23 07:42:00,23.34335,77.86447,152,Ashwagandha,R4
F12,2025-10-01 08:30:00,23.47364,77.34759,73,Tulsi,R4
F8,2025-10-24 11:06:00,23.7257,77.66507,90,Tulsi,R4
F4,2025-10-05 17:08:00,23.5262,77.85293,75,Tulsi,R1
F18,2025-10-04 11:36:00,23.38531,77.06118,122,Tulsi,R2
F12,2025-10-10 00:30:00,23.65634,77.08784,352,Ashwagandha,R2
F16,2025-10-23 07:15:00,23.10955,77.66018,243,Ashwagandha,R2
F13,2025-10-10 23:25:00,23.77984,77.15194,106,Brahmi,R3
F10,2025-10-24 19:17:00,23.22855,77.89587,84,Tulsi,R1
F10,2025-10-24 10:32:00,23.88269,77.18794,224,Ashwagandha,R5
F1,2025-10-08 04:13:00,23.69914,77.69061,167,Tulsi,R1
F18,2025-10-01 05:11:00,23.34084,77.00748,372,AloeVera,R1
F20,2025-10-21 06:49:00,23.56633,77.69914,82,Brahmi,R3
F16,2025-10-19 03:43:00,23.84985,77.01561,273,AloeVera,R3
F14,2025-10-11 23:56:00,23.52813,77.93165,391,Neem,R1
F11,2025-10-12 23:38:00,23.9989,77.59126,350,Ashwagandha,R1
F12,2025-10-17 22:00:00,23.72911,77.40362,602,Neem,R3
F20,2025-10-01 02:24:00,23.93729,77.98719,94,Tulsi,R2
F4,2025-10-23 16:28:00,23.92778,77.39913,210,Neem,R2
F1,2025-10-16 10:14:00,23.31386,77.24217,383,Neem,R2
F17,2025-10-26 10:52:00,23.63006,77.00729,211,Brahmi,R3
F2,2025-10-16 16:03:00,23.48119,77.60392,224,Brahmi,R1
F8,2025-10-05 12:52:00,23.21939,77.76131,180,Tulsi,R4
F19,2025-10-21 16:19:00,23.33925,77.22206,150,Brahmi,R5
F10,2025-10-12 13:26:00,23.01756,77.2959,345,AloeVera,R3
F4,2025-10-30 16:17:00,23.83929,77.68884,426,Neem,R4
F18,2025-10-15 23:28:00,23.69486,77.27063,354,Ashwagandha,R4
F12,2025-10-10 06:06:00,23.13538,77.89955,56,Tulsi,R3
F20,2025-10-20 20:50:00,23.85641,77.80187,191,Ashwagandha,R1
F6,2025-10-18 07:04:00,23.61082,77.68743,352,Neem,R3
F8,2025-10-27 06:02:00,23.8144,77.44141,241,AloeVera,R5
F13,2025-10-12 11:31:00,23.47439,77.56392,153,Ashwagandha,R5
F12,2025-10-23 19:58:00,23.88131,77.64784,153,Tulsi,R2
F2,2025-10-21 10:44:00,23.21798,77.8908,142,Brahmi,R1
F14,2025-10-26 19:54:00,23.25312,77.661,174,AloeVera,R4
F16,2025-10-17 22:25:00,23.40732,77.3867,249,Brahmi,R4
F19,2025-10-10 03:56:00,23.00613,77.98794,125,Brahmi,R5
F1,2025-10-03 08:11:00,23.81331,77.34394,477,Neem,R2
F5,2025-10-15 15:25:00,23.26702,77.75610,246,AloeVera,R3
F10,2025-10-04 20:40:00,23.33922,77.8185,230,Brahmi,R1
F2,2025-10-06 11:39:00,23.74931,77.10614,192,AloeVera,R5
F8,2025-10-08 13:10:00,23.16811,77.6377,224,Brahmi,R1
F7,2025-10-05 23:20:00,23.21410,77.36974,618,Neem,R3
F9,2025-10-15 17:39:00,23.72606,77.4067,342,AloeVera,R1
F20,2025-10-01 11:21:00,23.10569,77.6784,160,Ashwagandha,R4
F13,2025-10-29 04:08:00,23.55628,77.92927,222,Brahmi,R5
F5,2025-10-30 07:15:00,23.20453,77.10625,88,Brahmi,R2
F6,2025-10-18 15:23:00,23.41768,77.87467,653,Neem,R2
F1,2025-10-10 11:56:00,23.89735,77.59362,98,Tulsi,R1
F10,2025-10-07 11:38:00,23.93484,77.7597,614,Neem,R2
F4,2025-10-25 23:32:00,23.82023,77.38573,197,Tulsi,R3
F3,2025-10-22 22:55:00,23.1054,77.66058,220,Ashwagandha,R3
F11,2025-10-15 06:16:00,23.64126,77.2868,278,Ashwagandha,R2
F8,2025-10-28 11:12:00,23.12307,77.65639,210,Neem,R5
F31,2025-10-22 22:55:00,23.1054,77.66058,220,Ashwagandha,R3
F21,2025-10-15 06:16:00,23.64126,77.2868,278,Ashwagandha,R2
F35,2025-10-28 11:12:00,23.12307,77.65639,210,Neem,R5